,id,name,position,Unnamed: 0
0,3614,anant asavabhOKHIN & FAMIly,,0
1,6176,arash FERDOWSi,,1
2,4405,banthoon LAMSAM & FAmily,,2
3,7374,BILL ADDERLEY & Family,,3
4,4404,boris zINGAREVICh,,4
5,1087,bryan SHEFFIELd,,5
6,5246,charles buTT & family,,6
7,1706,cHARLES CADOGAN & family,,7
8,8249,chatri sophonPANICH & FAMILY,,8
9,4018,daniEL EK,,9
10,5404,daniel hIRSChfeld,,10
11,5705,dANIEL TSAI & Family,,11
12,9055,dietER SCHAUb,,12
13,5083,DIK WESSELS,,13
14,2362,donG FAN,,14
15,4799,eLISABETH BADINTEr & family,,15
16,6534,frEDERIC luddy,,16
17,8080,gao DEKANG & family,,17
18,2146,hajIME SATOmi,,18
19,7414,heinrich DEICHMANN & family,,19
20,5123,hiroshi OKURA & FAMily,,20
21,1178,husain DJOJONEGoro & family,,21
22,5735,ivan SAVVIDIS,,22
23,3081,jacQUES MERCERON-Vicat & family,,23
24,7764,jamES DUFF,,24
25,4469,jeAN BURELLe,,25
26,3627,jim KOCh,,26
27,3101,john ARMITage,,27
28,4824,joNATHAN HARMSWORTH,,28
29,8495,laureNT BURElle,,29
30,5773,lEE HWA-KYUNg,,30
31,5572,liu dIANBO,,31
32,1275,lIU GEXIn,,32
33,8813,loretta ROBINSON & FAMILy,,33
34,1878,lu FENG,,34
35,1288,lucio aND SUSAN Co,,35
36,1592,malvINDER & SHIVinder singh,,36
37,4752,MARTIN LORENTZON,,37
38,7484,MARY & DOUGLAS perkins,,38
39,4306,onsI SAWIRIS,,39
40,7878,osathanuGRAH family,,40
41,4662,philiPPE Laffont,,41
42,7029,phorntheP PHORNPRAPHA & FAMILy,,42
43,2814,PIERRE CASTEL & FAMILY,,43
44,8963,RAY IRANi,,44
45,1324,shojI UEHara,,45
46,4770,STEVEN ROTH,,46
47,1961,supalucK UMPUJH & FAMILy,,47
48,2819,thomAS DUFF,,48
49,9150,zakhar SMUShkin,,49
50,6193,zhANG ZHONGNENG & Family,,50
51,3986,zhU YICAI,,51
52,4256,JEFF BEZOs,1.0,52
53,6708,bill GATES,2.0,53
54,7790,warren BUFFETt,3.0,54
55,2560,bernard Arnault,4.0,55
56,5624,mark ZUCKERBERG,5.0,56
57,2683,amaNCIO ORTEGA,6.0,57
58,9249,carlos sLIM helu,7.0,58
59,8519,chaRLES KOCh,8.0,59
60,8377,davID KOCH,9.0,60
61,7402,larRY ELlison,10.0,61
62,1761,MICHAEL BLOOmberg,11.0,62
63,5863,laRRY PAGe,12.0,63
64,7349,SERGEY BRIN,13.0,64
65,7520,jIM WALTON,14.0,65
66,2820,s. ROBSON Walton,15.0,66
67,8847,alICE WALTon,16.0,67
68,7715,mA HUATENG,17.0,68
69,1206,francoise BETTENCOURT MEyers,18.0,69
70,4559,mUKESH AMbani,19.0,70
71,7353,jacK ma,20.0,71
72,2614,sHELDON ADELson,21.0,72
73,2751,sTEVE BALLMER,22.0,73
74,7322,LI KA-SHING,23.0,74
75,5166,hUI KA Yan,24.0,75
76,6260,lee SHAU kee,25.0,76
77,2128,wang JIANlin,26.0,77
78,7174,beate heister & KARL albrecht jr.,27.0,78
79,2056,PHIL KNIGHT,28.0,79
80,4180,jorGE PAULO Lemann,29.0,80
81,2284,francoiS PINault,30.0,81
82,6372,georg SCHAEFfler,31.0,82
83,5639,susANNE KLAtten,32.0,83
84,5827,david THOMson,33.0,84
85,7106,jacqUELINE mars,34.0,85
86,1968,jOHN MArs,35.0,86
87,3157,JOSEPH SAFRa,36.0,87
88,2665,giovANNI FERRERO,37.0,88
89,5469,dietriCH MATEschitz,38.0,89
90,5362,michAEL DELL,39.0,90
91,6392,mASAYOSHI SOn,40.0,91
92,8384,sergE DASSault,41.0,92
93,1247,sTEFAN QUANDT,42.0,93
94,2459,yang HUIYAN,43.0,94
95,9147,pAUL ALLEN,44.0,95
96,3242,leonARDO DEL vecchio,45.0,96
97,3400,dieter SCHwarz,46.0,97
98,4044,thomas PETErffy,47.0,98
99,7529,"theo ALBRECHT, Jr.",48.0,99
100,9930,lEN BLAVATNIk,49.0,100
101,4082,hE XIANGJIan,50.0,101
102,6113,lui CHE WOO,51.0,102
103,2863,jAMES SIMONS,52.0,103
104,9710,henRY Sy,53.0,104
105,1208,ELON Musk,54.0,105
106,6141,hINDUJA FAMily,55.0,106
107,4145,taDASHI YAnai,56.0,107
108,4932,VLADIMIR LISIN,57.0,108
109,7912,LAURENE POWELl jobs,58.0,109
110,5446,AZIM PREMJI,59.0,110
111,9408,alexEY MORDAshov,60.0,111
112,3252,LEE KUN-Hee,61.0,112
113,6412,lakSHMI MITTAl,62.0,113
114,1732,wanG WEi,63.0,114
115,2248,leonid MIKHELSon,64.0,115
116,3612,charoEN SIRIVADHanabhakdi,65.0,116
117,4337,PALLONJI MISTRy,66.0,117
118,2571,ray DALio,67.0,118
119,9006,takeMITSU TAKIZAKI,68.0,119
120,8982,WILLIAM Ding,69.0,120
121,5747,R. BUDI HArtono,70.0,121
122,8084,gina RINEHArt,71.0,122
123,3867,GERMAN LARREA MOTA VELASCO,72.0,123
124,1993,carl ICAHn,73.0,124
125,6485,sTEFAN PERSSON,74.0,125
126,8934,michaEL HARTONO,75.0,126
127,4903,josEPH LAU,76.0,127
128,1262,thomas & RAYMONd kwok,77.0,128
129,6987,vagit ALEKPerov,78.0,129
130,6934,jAMES RATCliffe,79.0,130
131,1175,donalD BRen,80.0,131
132,4765,iRIS FONTBONA,81.0,132
133,3636,genNADY TIMCHenko,82.0,133
134,7514,abiGAIL Johnson,83.0,134
135,3016,vladiMIR Potanin,84.0,135
136,7028,lUKAS WALTON,85.0,136
137,7235,charLENE DE CARVAlho-heineken,86.0,137
138,8391,zHANG ZHIDong,87.0,138
139,2720,pETR KELLNER,88.0,139
140,1868,andreY MELNICHENKo,89.0,140
141,8056,david & sIMOn reuben,90.0,141
142,5822,KLAUS-MICHAEL KUEhne,91.0,142
143,5210,LI SHUFU,92.0,143
144,1433,mikHAIL FRIdman,93.0,144
145,5920,rupeRT MURDOCh,94.0,145
146,1705,dhanin CHEARAVANONT,95.0,146
147,2042,ROBERT KUok,96.0,147
148,1176,emmaNUEL BESNIer,97.0,148
149,4816,shIV NAdar,98.0,149
150,1988,viktoR VEKSELBERG,99.0,150
151,9806,ALIKO DANGOTe,100.0,151
152,9858,haroLD HAMm,101.0,152
153,3274,STEVE Cohen,102.0,153
154,5970,dustin mOSKOVITZ,103.0,154
155,8268,marcEL HERRMANN TELLES,104.0,155
156,4677,reinholD WUerth,105.0,156
157,7971,charleS ERGEN,106.0,157
158,3219,eric SCHMidt,107.0,158
159,4293,PHILIP ANSCHUtz,108.0,159
160,5686,jim KENNEDy,109.0,160
161,2939,BLAIR PARRY-OKEDEN,110.0,161
162,2833,alain weRTHEIMER,111.0,162
163,1709,gerard WERTHEimer,112.0,163
164,1437,leonARD LAUDER,113.0,164
165,4668,heinz herMANn thiele,114.0,165
166,1266,DILIP SHANGHvi,115.0,166
167,9108,haSSO PLATTNER,116.0,167
168,7589,sTEPHEN SCHWARZMAN,117.0,168
169,6684,LEI JUN,118.0,169
170,9695,hans RAUSINg,119.0,170
171,7766,alisheR Usmanov,120.0,171
172,7091,dONALD NEwhouse,121.0,172
173,1237,petER WOo,122.0,173
174,7172,luIS CARLOS SARMIento,123.0,174
175,1309,robIN li,124.0,175
176,4039,carlos ALBERTO Sicupira,125.0,176
177,3739,SEO JUNG-JIN,126.0,177
178,5455,KUMAR BIRla,127.0,178
179,7096,ALEXANDER otto,128.0,179
180,5521,steFANO PESSINa,129.0,180
181,5093,udo & haraLD tschira,130.0,181
182,3879,WANG WENyin,131.0,182
183,7108,anDREW Beal,132.0,183
184,4790,lee MAN tat,133.0,184
185,7828,"john meNARD, jr.",134.0,185
186,2282,xu sHIHUI,135.0,186
187,9888,ZHOU HONgyi,136.0,187
188,5741,gONG HONGjia,137.0,188
189,4361,micHAEL OTto,138.0,189
190,1928,dAVID TEpper,139.0,190
191,1567,rOMAN ABRAMOVICH,140.0,191
192,4463,liu qiANGDONG,141.0,192
193,5059,robert & PHILIp ng,142.0,193
194,7864,alberto baillERES gonzalez,143.0,194
195,6088,udAY KOTAK,144.0,195
196,2335,pierRE OMIDYar,145.0,196
197,8807,wALTER P.J. DROEGe,146.0,197
198,2611,dietMAR HOPP,147.0,198
199,8695,GRAEME HArt,148.0,199
200,8032,EDUARDO SAVerin,149.0,200
201,8529,yan ZHI,150.0,201
202,5728,RADHAKISHAN DAMANI,151.0,202
203,9564,gERMAN Khan,152.0,203
204,6941,ronalD PERELMAn,153.0,204
205,5106,gAUTAM ADANI,154.0,205
206,7211,mICKY ARISOn,155.0,206
207,2765,pan ZHENGMin,156.0,207
208,7578,JOSEPH TSAI,157.0,208
209,3169,"thomas fRIST, jr.",158.0,209
210,4942,mikhaiL PROKHOROV,159.0,210
211,8094,gaLEN WEston,160.0,211
212,4813,zoNG QINGHou,161.0,212
213,7111,EYAL OFER,162.0,213
214,4947,charLES Schwab,163.0,214
215,1786,gianluiGI & RAFAela aponte,164.0,215
216,3268,"herbERT KOHLEr, jr.",165.0,216
217,8970,viktoR RASHNIKOv,166.0,217
218,7569,HARRY TRIGUBoff,167.0,218
219,6050,augUST VON FINCK,168.0,219
220,3836,yaO ZHENHua,169.0,220
221,5627,jaN KOUm,170.0,221
222,6666,cyRUS POONAWALLa,171.0,222
223,1921,jAMES GOODNIGHT,172.0,223
224,4467,KEN GRIFFIN,173.0,224
225,9015,gIORGIO ARMANI,174.0,225
226,4847,ernESTO BERTArelli,175.0,226
227,3260,saVITRI JIndal,176.0,227
228,8036,sUNIL MITTAL,177.0,228
229,7169,james CHAMBErs,178.0,229
230,1018,kathARINE RAYNER,179.0,230
231,2135,MARGARETTA Taylor,180.0,231
232,4716,terrY Gou,181.0,232
233,8024,gordoN MOORe,182.0,233
234,7670,jAMES IRVing,183.0,234
235,4231,stanley KRoenke,184.0,235
236,8752,melker SCHorling,185.0,236
237,2170,johANN GRAf,186.0,237
238,4244,guo GUANGCHAng,187.0,238
239,3672,jOHN MALONe,188.0,239
240,4021,xaviER NIEL,189.0,240
241,3832,sILVIO BERLUSCONi,190.0,241
242,7025,carL Cook,191.0,242
243,8892,david GEFFEN,192.0,243
244,3921,HUI WING mau,193.0,244
245,2360,WALTER KWOk,194.0,245
246,5176,geORGE SORos,195.0,246
247,4780,"edward jOHNSON, Iii.",196.0,247
248,1717,massimilianA LANDINI ALEOTTI,197.0,248
249,1918,dAVID DUFFIELD,198.0,249
250,4034,geoRGE Kaiser,199.0,250
251,7730,patricK SOON-SHiong,200.0,251
252,3163,zhoU QUNFEi,201.0,252
253,1650,nickY OPPEnheimer,202.0,253
254,8551,sun pIAOyang,203.0,254
255,4191,WU YAJun,204.0,255
256,9378,aleXEI KUZMIchev,205.0,256
257,5384,stephEN ROSS,206.0,257
258,9073,vinceNT BOllore,207.0,258
259,5545,pauline mACMILLAN KEINATH,208.0,259
260,8305,JAY Y. LEe,209.0,260
261,9247,andERS HOLCH POVLSEN,210.0,261
262,6247,elI BRoad,211.0,262
263,5171,miCHAEL KADoorie,212.0,263
264,8121,iskaNDER MAKhmudov,213.0,264
265,3465,frederiK PAULSen,214.0,265
266,3017,suN HONGBIN,215.0,266
267,4267,christY WALTon,216.0,267
268,5207,shahiD KHAN,217.0,268
269,9252,aNANDA KRISHNAn,218.0,269
270,2120,carrie PERrodo,219.0,270
271,6734,quEK LENG Chan,220.0,271
272,5382,wanG WENxue,221.0,272
273,3664,jOHN DOErr,222.0,273
274,9946,patrICK DRAHI,223.0,274
275,8749,evA GONDA DE RIVEra,224.0,275
276,1277,willi & ISOLDe liebherr,225.0,276
277,5417,ricardo SALINAS PLIEGo,226.0,277
278,2456,suh KYUNg-bae,227.0,278
279,4317,poLLYANNA chu,228.0,279
280,8265,john fREDRIKSEN,229.0,280
281,4902,goh cHENG LIANG,230.0,281
282,4238,sri pRAKASH lohia,231.0,282
283,9134,lu zhIQIAng,232.0,283
284,5858,JORN RAUSing,233.0,284
285,1595,johaNN Rupert,234.0,285
286,6954,jacqUES Saade,235.0,286
287,6432,wu shAOXUn,236.0,287
288,6768,LEONID FEdun,237.0,288
289,2944,kiM JUNg-ju,238.0,289
290,3234,sanDRA ORTEGA mera,239.0,290
291,7727,JIM PATTison,240.0,291
292,5904,michaEL PLatt,241.0,292
293,7728,chAN LAIwa,242.0,293
294,1351,david GREen,243.0,294
295,7502,hank & DOUG MEIJer,244.0,295
296,4595,dmitry rYBOLovlev,245.0,296
297,1358,tsai eNG-MENG,246.0,297
298,9917,andreas von BECHTOLsheim,247.0,298
299,1381,oleg deRIPASKa,248.0,299
300,8687,liU YONGXIng,249.0,300
301,6169,ludwig MERCKLE,250.0,301
302,1721,brian ACTON,251.0,302
303,4093,john GRAYKEN,252.0,303
304,7522,anN WALTON KRoenke,253.0,304
305,5652,augUSTO & GIORGio perfetti,254.0,305
306,5605,finn rAUSING,255.0,306
307,6536,kirSTEN RAusing,256.0,307
308,9365,odd REITan,257.0,308
309,1427,nassef SAWIRIs,258.0,309
310,2353,wee CHO YAW,259.0,310
311,1733,aLOYS WObben,260.0,311
312,9156,leON BLACk,261.0,312
313,7415,ivAN GLASENBerg,262.0,313
314,6653,john PAUlson,263.0,314
315,5283,weI JIANjun,264.0,315
316,4330,francIS choi,265.0,316
317,4185,erivAN HAUB,266.0,317
318,8568,jaSON JIANG,267.0,318
319,3041,SULEIMAN Kerimov,268.0,319
320,5712,ian & RICHARD livingstone,269.0,320
321,1338,PANG KAng,270.0,321
322,1295,david SHAW,271.0,322
323,9621,kusHAL PAL SINGh,272.0,323
324,9332,john A. SOBRATO,273.0,324
325,2112,aCHARYA BALKRISHna,274.0,325
326,5032,guENTHER FIELMANN,275.0,326
327,3208,daNIEL GILbert,276.0,327
328,1734,antONIA JOHnson,277.0,328
329,8139,vIKRAM Lal,278.0,329
330,4485,akirA MORi,279.0,330
331,2635,maria-eLISABETH SCHAEFFLEr-thumann,280.0,331
332,9707,aLBERT FRERE,281.0,332
333,5013,richaRD KINDEr,282.0,333
334,3536,robeRT KRAFT,283.0,334
335,8753,ralpH LAUREN,284.0,335
336,4347,bruno sCHRODER,285.0,336
337,6916,NUSLI WADIA,286.0,337
338,2547,piERRE BELLon,287.0,338
339,1897,les WEXner,288.0,339
340,3199,benu gOPAL BANGUR,289.0,340
341,9693,david cHEriton,290.0,341
342,9947,ma jIANRONg,291.0,342
343,3221,whitney MACMILLAn,292.0,343
344,1659,dAN OLSSON,293.0,344
345,1867,vivek chaAND SEHGAL,294.0,345
346,2582,teh HONG PIOw,295.0,346
347,1423,abdulla bin aHMAD AL ghurair,296.0,347
348,2365,maria ASUNCION ARAMBURUZABALA,297.0,348
349,8666,raLPH DOMMERMUTH,298.0,349
350,9576,fraNK LOWY,299.0,350
351,8853,wolfGANG MARGUERre,300.0,351
352,8047,MARIJKE MArs,301.0,352
353,8598,PAMELA Mars,302.0,353
354,4951,valeRIE mars,303.0,354
355,6062,vicTORIA MARS,304.0,355
356,5637,david & FREDERICK Barclay,305.0,356
357,2371,"jOHN GOKONGWEI, JR.",306.0,357
358,6314,kwon HYUK-bin,307.0,358
359,8907,nancY WALTON laurie,308.0,359
360,3904,liN YU-LINg,309.0,360
361,7651,tOM & JUDy love,310.0,361
362,5359,rOBERT ROwling,311.0,362
363,4389,denNIS WASHINgton,312.0,363
364,6081,yaO LIANGSong,313.0,364
365,9460,zHANG JIndong,314.0,365
366,2138,juan francisco BEckmann vidal,315.0,366
367,7382,davID SUN,316.0,367
368,5979,joHN tu,317.0,368
369,9635,marTIN VIESSMann,318.0,369
370,3026,stef WERTHEIMER,319.0,370
371,5131,hanSJOERG Wyss,320.0,371
372,2239,jamES DYson,321.0,372
373,4223,LAURENCE GRAFF,322.0,373
374,7280,jEN-HSUN HUang,323.0,374
375,9017,cHARLES JOHNSOn,324.0,375
376,5702,JERRY JONES,325.0,376
377,1666,kei HOI PAng,326.0,377
378,6808,kWEE FAMILY,327.0,378
379,1023,lee SHIN CHeng,328.0,379
380,7079,richarD LEfrak,329.0,380
381,3346,shigenobU NAGAMori,330.0,381
382,1645,steVEN RALES,331.0,382
383,9202,friede SPringer,332.0,383
384,3350,yeuNG KIN-MAN,333.0,384
385,6781,rinaT AKHmetov,334.0,385
386,7257,SHARI ARISon,335.0,386
387,9523,danniNE AVAra,336.0,387
388,3077,rahel BLOCHER,337.0,388
389,5495,andrew CURRIE,338.0,389
390,4870,scott DUncan,339.0,390
391,3896,milane Frantz,340.0,391
392,3313,diane HENDRICKs,341.0,392
393,1404,magdalena MARTULlo-blocher,342.0,393
394,5654,hiroshI MIKITani,343.0,394
395,9492,GABE NEWell,344.0,395
396,4258,pan sUTOng,345.0,396
397,5432,anthoNY Pratt,346.0,397
398,9545,JOHN REECE,347.0,398
399,4431,RANDA WILLIAms,348.0,399
400,3458,zhanG BANGxin,349.0,400
401,7110,zhanG SHIPING,350.0,401
402,8823,jean-micHEL BESNIER,351.0,402
403,4032,marie besNIER BEAUVALOt,352.0,403
404,5286,ricHARD DEVOS,353.0,404
405,2401,MICHAEL HErz,354.0,405
406,7714,wOLFGANG HERZ,355.0,406
407,8839,kjeld kirk KRISTIAnsen,356.0,407
408,3919,sofie kirK KRISTiansen,357.0,408
409,1873,thomas KIRK KRISTIANSen,358.0,409
410,1597,lam wAI YING,359.0,410
411,2024,lin XIUCHENG,360.0,411
412,1929,margarITA LOUIS-DREYFUS,361.0,412
413,2396,georGE ROBERTS,362.0,413
414,9656,"edwaRD ROSKI, JR.",363.0,414
415,3874,agnete kIRK THINGGAard,364.0,415
416,9653,mike ADENUGa,365.0,416
417,3425,jIM DAVIS,366.0,417
418,6444,david FILO,367.0,418
419,1962,pansY HO,368.0,419
420,5299,heNRY KRAVIs,369.0,420
421,1958,emanUELE (LINO) SAPuto,370.0,421
422,8169,xU CHUANhua,371.0,422
423,6824,alexaNDER ABramov,372.0,423
424,9432,israEL ENGLAnder,373.0,424
425,6373,frits goLDSCHMEDING,374.0,425
426,8074,mariaN ILItch,375.0,426
427,1623,bruCE KOVNer,376.0,427
428,4883,gEORGE LUCAS,377.0,428
429,6486,kalanitHI MARAn,378.0,429
430,4596,ELISABETH mohn,379.0,430
431,2926,"robeRT RICH, JR.",380.0,431
432,2749,wang cHUAnfu,381.0,432
433,8574,marIA FERNANDA Amorim,382.0,433
434,2105,pyoTR AVEN,383.0,434
435,6188,berNARD MARCUS,384.0,435
436,5732,pedro moreIRA Salles,385.0,436
437,9310,frederICK Smith,386.0,437
438,7478,RONDA STRYKEr,387.0,438
439,1766,richarD BRANSOn,388.0,439
440,2439,subhASH Chandra,389.0,440
441,4475,denISE Coates,390.0,441
442,7093,MARTHA INgram,391.0,442
443,3802,laW KAR po,392.0,443
444,7829,joe LEWIS,393.0,444
445,5546,GABRIELLA Meister,394.0,445
446,2700,feRNANDO ROBERTO MOREIRA salles,395.0,446
447,7150,joao moreIRA Salles,396.0,447
448,5138,waltHER MOREIRA SALLES JUNIOR,397.0,448
449,1885,panKAJ PATEL,398.0,449
450,2938,karen PRITZKER,399.0,450
451,6313,thomas sCHMIDHeiny,400.0,451
452,4510,vichai srivADDHANAPRAbha,401.0,452
453,4874,keiICHIRO TAKAHara,402.0,453
454,3250,m.a. yUSUFF ali,403.0,454
455,1315,roberT BAss,404.0,455
456,8636,marc BENioff,405.0,456
457,1327,martin & OLIVIER BOUygues,406.0,457
458,7542,cHUNG MONG-KOO,407.0,458
459,7641,CHARLES DOLAn,408.0,459
460,7676,rAY LEE Hunt,409.0,460
461,1583,lIU YONGhao,410.0,461
462,5398,john OVERdeck,411.0,462
463,3724,AJAY PIRAMAL,412.0,463
464,7452,"enrique rAZOn, jr.",413.0,464
465,3332,sumneR REDSTOne,414.0,465
466,5470,paolo & GIANFELICE MARIO ROCCa,415.0,466
467,3134,reinHOLD SCHMIEDing,416.0,467
468,8641,dAVID SIEGEL,417.0,468
469,5810,andrEI SKOCh,418.0,469
470,6033,yu YONG,419.0,470
471,3955,SAM ZELL,420.0,471
472,6997,ZHOU JIANPING,421.0,472
473,6530,bajaj bROTHERs,422.0,473
474,3910,garRETT camp,423.0,474
475,1947,BUBBA CATHY,424.0,475
476,2243,DAN CATHy,425.0,476
477,4365,fU LIQUAN,426.0,477
478,2035,philip & crISTINA GREEN,427.0,478
479,9846,mikhaiL GUtseriev,428.0,479
480,2468,"rupERT JOHNSOn, jr.",429.0,480
481,4629,traviS KALANICk,430.0,481
482,3365,andREI KOZITSYN,431.0,482
483,7173,HORST PAULmann,432.0,483
484,9889,julio pONCE LEROu,433.0,484
485,2949,trevoR REES-JOnes,434.0,485
486,3263,mark sCHEINberg,435.0,486
487,6448,JEFFREY SKOLl,436.0,487
488,9308,MURAT ULKER,437.0,488
489,5535,daniEL ZIFf,438.0,489
490,4507,dirk ZIFF,439.0,490
491,8400,rOBERT ZIFF,440.0,491
492,2007,juerGEN BLICKle,441.0,492
493,5021,bERNARD BRoermann,442.0,493
494,1995,clIVE CALder,443.0,494
495,2618,stanley drUCKENMILLer,444.0,495
496,8137,ted LERner,445.0,496
497,2653,lI SHUIRong,446.0,497
498,5421,lim KOK THAY,447.0,498
499,5540,niels peTER LOUIs-hansen,448.0,499
500,5218,fredRIK LUNDberg,449.0,500
501,5586,gwendOLYN SONTHEIM MEYER,450.0,501
502,1493,j. CHRISTOPHEr reyes,451.0,502
503,9280,judE REYES,452.0,503
504,1630,ALEXANDRA SCHOERGHUBer,453.0,504
505,6002,SHELDON SOlow,454.0,505
506,8405,LUCIO TAn,455.0,506
507,6634,MAJID AL FUTtaim,456.0,507
508,2070,andrEJ BAbis,457.0,508
509,3991,dona bERTARELLi,458.0,509
510,8634,CAI KUI,459.0,510
511,6838,bidzinA IVAnishvili,460.0,511
512,9285,"jerEMY JACOBS, Sr.",461.0,512
513,4505,chrIS LArsen,462.0,513
514,5395,patRICK Lee,463.0,514
515,5939,lianG WENGen,464.0,515
516,6516,denis O'BRIEN,465.0,516
517,5642,kapil & RAHUL BHatia,466.0,517
518,8514,JEAN-PIERRE Cayard,467.0,518
519,9626,CHEY TAE-WON,468.0,519
520,3502,fANG WEi,469.0,520
521,6515,andreI GURIev,470.0,521
522,7731,BERTIL HULT,471.0,522
523,3120,ji cHANGQUN,472.0,523
524,3584,"paul tuDOR JONES, II.",473.0,524
525,5405,roberT MILler,474.0,525
526,2520,sERGEI POpov,475.0,526
527,9171,juAN ROIg,476.0,527
528,6162,johN SAll,477.0,528
529,1052,LEONARD stern,478.0,529
530,2344,ye CHENGhai,479.0,530
531,1838,aNTHONY BAMford,480.0,531
532,3132,chu MANG yee,481.0,532
533,1197,juan caRLOS ESCOTET,482.0,533
534,3257,migUEL FLUXA ROSSELLO,483.0,534
535,1122,andreW FOrrest,484.0,535
536,8102,paul GAUSELMANn,485.0,536
537,3220,tamARA GUSTAVson,486.0,537
538,4160,micky jAGTiani,487.0,538
539,5161,johan JOHANNson,488.0,539
540,8494,riCHARD li,489.0,540
541,2142,jOHN MORris,490.0,541
542,3197,thEO MUELLER,491.0,542
543,2902,akio NITori,492.0,543
544,5748,wolFGANG REIMANn,493.0,544
545,1224,matthias rEIMANN-ANDErsen,494.0,545
546,1047,stefan reIMANN-andersen,495.0,546
547,1298,reNATE REIMANN-HAAS,496.0,547
548,8552,roberT SMIth,497.0,548
549,2935,rUSS WEIner,498.0,549
550,3338,jeronimO ARango,499.0,550
551,3971,raHUL BAJaj,500.0,551
552,4294,raiNER BLICKLe,501.0,552
553,1658,rocco COMMISSO,502.0,553
554,4086,GIUSEPPE DE'longhi,503.0,554
555,6629,tilman FERTITta,504.0,555
556,9046,nathaN KIRsh,505.0,556
557,4315,tERRENCE PEGULA,506.0,557
558,2009,robeRT PERa,507.0,558
559,8344,GARY ROLLINs,508.0,559
560,6943,randaLL ROLlins,509.0,560
561,1334,alejandro SANTO DOMINgo,510.0,561
562,3265,andRES SANTO DOMIngo,511.0,562
563,2650,pham nhAT VUONg,512.0,563
564,4620,rOGER WANg,513.0,564
565,5383,sTEPHEN BISCIOTTI,514.0,565
566,3127,"ausTEN CARGILl, ii.",515.0,566
567,7739,"james caRGILL, ii.",516.0,567
568,4607,arCHIE ALDIS EMMERSOn,517.0,568
569,6061,aNTTI HErlin,518.0,569
570,7560,SUMET JIARAVANon,519.0,570
571,8489,laRS LARSen,520.0,571
572,1755,mariaNNE LIebmann,521.0,572
573,1850,BOBBY MURPhy,522.0,573
574,8740,igor OLENICOFF,523.0,574
575,1432,"walTER SCOtt, jr.",524.0,575
576,2988,"CLEMMIE SPANGLer, jr.",525.0,576
577,9451,wANG YUSUo,526.0,577
578,5100,carl BENNET,527.0,578
579,6362,artHUR BLank,528.0,579
580,7797,jaRAN CHIARAVANont,529.0,580
581,7286,jack & laurA Dangermond,530.0,581
582,5296,fan hONGWEI,531.0,582
583,9130,john GANDEl,532.0,583
584,6965,jamES JANNARd,533.0,584
585,7889,montrI JIARAVANONt,534.0,585
586,8221,samuEL TAK LEE,535.0,586
587,1657,PAWAN MUnjal,536.0,587
588,5542,axel OBERWELLAND,537.0,588
589,1026,james PACker,538.0,589
590,4599,isaaC PERLMutter,539.0,590
591,9520,"h. ross PEROT, Sr.",540.0,591
592,5371,michaeL PIEper,541.0,592
593,7962,thomaS PRITZKer,542.0,593
594,5619,"juliAN ROBERTSOn, jr.",543.0,594
595,3515,renzO ROSSO,544.0,595
596,8976,HUSSAIN SAJwani,545.0,596
597,2557,yasUMITSU SHIGETA,546.0,597
598,3828,evAN SPIEGEL,547.0,598
599,1071,wANG XINg,548.0,599
600,8343,kelcy WARRen,549.0,600
601,2274,ben ASHKENAzy,550.0,601
602,5274,ursula bechTOLSHEImer-kipp,551.0,602
603,5778,OTTO PHILIPP BRAUN,552.0,603
604,5701,che jiANXINg,553.0,604
605,3639,DAGMAR DOlby,554.0,605
606,2462,traudl eNGELHORN,555.0,606
607,6364,daN FRIEDKIN,556.0,607
608,5444,sergei GALITSKY,557.0,608
609,1860,HUANG Rulun,558.0,609
610,8109,ERMAN ILICAK,559.0,610
611,3769,RONALD LAUDEr,560.0,611
612,7475,michel LECLERcq,561.0,612
613,1006,miCHAEL MORitz,562.0,613
614,4019,issad REbrab,563.0,614
615,3033,NAGUIB SAWIRIs,564.0,615
616,9575,richaRD SCHULZE,565.0,616
617,8718,b.r. SHETTY,566.0,617
618,7100,jefF SUTTOn,567.0,618
619,6441,toNY TAN CAKTIOng,568.0,619
620,4227,yu hUIJIAO,569.0,620
621,8886,ZHANG XUEXin,570.0,621
622,1108,zhaNG YIMING,571.0,622
623,3272,suHAIL BAhwan,572.0,623
624,4142,rICK CAruso,573.0,624
625,5836,toM GORes,574.0,625
626,7104,petER HARGREAves,575.0,626
627,4211,DANIELA Herz,576.0,627
628,8278,gueNTER HErz,577.0,628
629,3229,maSATOSHI ITO,578.0,629
630,7313,baRRY Lam,579.0,630
631,2126,sudhir & SAMIR mehta,580.0,631
632,7582,ravI PILlai,581.0,632
633,4225,stewart aND LYNDA resnick,582.0,633
634,8322,jerry SPEYer,583.0,634
635,8256,harrY Stine,584.0,635
636,4457,gEORGE TY,585.0,636
637,4638,steveN UDVAR-HAZY,586.0,637
638,2740,christoPH ZEller,587.0,638
639,5225,nATHAN BLECHArczyk,588.0,639
640,2177,huBERT BUrda,589.0,640
641,1889,chen doNGSheng,590.0,641
642,3222,brian CHESKY,591.0,642
643,9852,guSTAF DOUGLAS,592.0,643
644,6644,joe gEBBIA,593.0,644
645,3861,PETER GILGan,594.0,645
646,2393,jEFF GREEne,595.0,646
647,6273,jiang WEIPIng,596.0,647
648,1403,domiNIKA & SEBASTian kulczyk,597.0,648
649,7618,LI WA,598.0,649
650,2801,ROBERT MCNAIR,599.0,650
651,6104,maSAHIRO miki,600.0,651
652,5183,kaTHARINA OTTO-BERNSTein,601.0,652
653,8135,iRA RENnert,602.0,653
654,5525,henry SAMUeli,603.0,654
655,6467,zeng FANGQIN,604.0,655
656,2639,zhaNG JIN,605.0,656
657,8124,niCK CAPORElla,606.0,657
658,7152,mARK CUBan,607.0,658
659,8926,ken FISHER,608.0,659
660,5490,jaimE GILINSKI bacal,609.0,660
661,4978,andrEAS HAlvorsen,610.0,661
662,8440,h. FISK JOHNson,611.0,662
663,1054,imogene powERS JOHnson,612.0,663
664,2757,s. curtiS Johnson,613.0,664
665,4298,helen JOHNSON-LEIPOLD,614.0,665
666,5594,winifred jOHNSON-MARQUArt,615.0,666
667,4842,vIATCHESLAV KANTOR,616.0,667
668,1696,samvEL KARAPETYAN,617.0,668
669,7154,marc ladreit DE LACHARRIERE,618.0,669
670,3369,aNGELA LEONG,619.0,670
671,1297,li gAITENG,620.0,671
672,2726,mangal PRABHAT LODHA,621.0,672
673,1695,miCHAEL MILken,622.0,673
674,9278,yURI MILNER,623.0,674
675,8824,aNDREAS STRUENGMANN,624.0,675
676,9580,tHOMAS STRUENGmann,625.0,676
677,4734,tse PING,626.0,677
678,6809,yitzhaK TShuva,627.0,678
679,7653,samUEL YIN,628.0,679
680,3329,michael ASHLEY,629.0,680
681,6343,cao LONGXIANG,630.0,681
682,8006,jEFFERY HILDEBRAnd,631.0,682
683,3793,jiaNG RENSHENg,632.0,683
684,2471,"edwarD JOHNson, iv.",633.0,684
685,5537,elIZABETH JOHNSON,634.0,685
686,7053,pETER KELLogg,635.0,686
687,1975,liM SUNG-Ki,636.0,687
688,7027,FRIEDHELM loh,637.0,688
689,3807,kiraN MAZUMDAR-SHAw,638.0,689
690,5475,idAN OFEr,639.0,690
691,1484,KARSANBHAI PATel,640.0,691
692,5074,QIN YINGLIn,641.0,692
693,8545,qIU GUANghe,642.0,693
694,8196,sARATH RATANAVADI,643.0,694
695,6070,rodger RINEY,644.0,695
696,8558,sTEVEN SPIELBERG,645.0,696
697,9701,gaBRIELE VOLKMANN,646.0,697
698,8314,arne WILHelmsen,647.0,698
699,7300,xu JINGren,648.0,699
700,7218,zhanG li,649.0,700
701,8708,zhanG xin,650.0,701
702,4643,aNITA ZUCker,651.0,702
703,3475,cARLO BENETTOn,652.0,703
704,2786,gilbERTO BENETton,653.0,704
705,1532,giuliana BENetton,654.0,705
706,4845,luciaNO BENETton,655.0,706
707,5672,cheN BAng,656.0,707
708,5667,KULDIP SINGH & GURBACHAn singh dhingra,657.0,708
709,9401,ABILIO DOS SANTOS DINiz,658.0,709
710,4136,beRNARD ECClestone,659.0,710
711,7877,judY FAUlkner,660.0,711
712,3438,gao tIAnguo,661.0,712
713,4194,josHUA HARRis,662.0,713
714,1510,arthuR IRVing,663.0,714
715,1994,baBA KALYAni,664.0,715
716,2384,dmiTRY KAMENSHCHIK,665.0,716
717,8960,DOUGLAS LEONe,666.0,717
718,6040,edwIN Leong,667.0,718
719,5329,arnon MIlchan,668.0,719
720,7808,MAREN OTTO,669.0,720
721,5504,aNTHONY PRITZker,670.0,721
722,3008,jay rOBERT (J.B.) PRITZKER,671.0,722
723,1121,mitcheLL RALES,672.0,723
724,4301,kjell inGE ROKKE,673.0,724
725,7063,"bernard SAUL, ii.",674.0,725
726,7470,doNALD STERling,675.0,726
727,8387,taHIr,676.0,727
728,8111,chaIRUL TANjung,677.0,728
729,8349,cLEMENS TOEnnies,678.0,729
730,6397,somphoTE AHUNAi,679.0,730
731,1509,igoR ALTUSHKIN,680.0,731
732,3180,rileY BECHTEL,681.0,732
733,5391,"stepHEN BECHTEL, jr.",682.0,733
734,6010,mikE CANNON-BRookes,683.0,734
735,4945,rAFAEL DEL PINO Y calvo-sotelo,684.0,735
736,9604,antonio dEL VALLe ruiz,685.0,736
737,3726,scOTT FARQUHAr,686.0,737
738,6492,LINDSAY FOX,687.0,738
739,6721,jiMMY HASLAM,688.0,739
740,1919,HEIDI HORTEN,689.0,740
741,4297,min Kao,690.0,741
742,7807,meLISSA MA,691.0,742
743,2218,ruDOLF Maag,692.0,743
744,2102,alexander PONOMAREnko,693.0,744
745,5573,caRLOS RODRIGuez-pastor,694.0,745
746,9666,shaSHI & RAVI Ruia,695.0,746
747,7733,tEDDY Sagi,696.0,747
748,6946,shAUL SHani,697.0,748
749,5505,alexANDER SKORObogatko,698.0,749
750,6103,sun GUANGXIN,699.0,750
751,8042,ritA TONG LIU,700.0,751
752,9705,juan-mIGUEL VILLAR MIr,701.0,752
753,5152,STEVE WYNN,702.0,753
754,9502,ANIL AGARwal,703.0,754
755,4326,aBDULLA AL FUTTAIM,704.0,755
756,8219,JOHN ARNOLd,705.0,756
757,7953,sid BAss,706.0,757
758,3216,aLAIN BOUCHARd,707.0,758
759,4228,john BROwn,708.0,759
760,4893,vanICH CHAIYAWAN,709.0,760
761,5450,chEN LIP KEOng,710.0,761
762,8730,charlES COHen,711.0,762
763,6950,asHWIN Dani,712.0,763
764,3795,RAKESH GANGWAl,713.0,764
765,3467,reiD HOFFMan,714.0,765
766,7175,"amos HOSTETTEr, jr.",715.0,766
767,8341,zarAKH ILiev,716.0,767
768,8028,JI Qi,717.0,768
769,5522,keNNETH Langone,718.0,769
770,2667,li SZE LIM,719.0,770
771,3415,george LINDEMANN,720.0,771
772,2314,lIU ZHONGTIan,721.0,772
773,2672,lUO LIGuo,722.0,773
774,8234,maRY ALICE DORRANCE MALOne,723.0,774
775,2312,"hENRY NICHOLAS, III.",724.0,775
776,7831,god NISanov,725.0,776
777,5355,paT STRYKEr,726.0,777
778,7773,alEXANDER SVETakov,727.0,778
779,2534,hans pETER wild,728.0,779
780,7148,yvonne Bauer,729.0,780
781,5707,patrIZIO Bertelli,730.0,781
782,2739,NEIL BLUhm,731.0,782
783,7533,andrew & PEGGY CHERNG,732.0,783
784,9831,SCOTT COOk,733.0,784
785,1750,LEON G. COOperman,734.0,785
786,3036,johN PAUL DEJORIA,735.0,786
787,3616,martin EBNER,736.0,787
788,8748,walTER Faria,737.0,788
789,6140,sameer GEhlaut,738.0,789
790,8663,tom gOLISano,739.0,790
791,7541,otto HAPPEl,740.0,791
792,3803,jIANG BIN,741.0,792
793,2509,karel KOmarek,742.0,793
794,4471,kurt kRIEGEr,743.0,794
795,9020,timur KULIBAEv,744.0,795
796,2178,dinara KULIBAEva,745.0,796
797,7043,SPIRO LATSIs,746.0,797
798,8567,danIEL LOEB,747.0,798
799,3420,lUO JYE,748.0,799
800,1049,ronald MCAulay,749.0,800
801,8938,alaIN MERieux,750.0,801
802,6871,hans geoRG NAEDER,751.0,802
803,9659,nie tENGYun,752.0,803
804,4253,DANIEL OCH,753.0,804
805,1573,MIUCCIA Prada,754.0,805
806,2269,mARC ROwan,755.0,806
807,8443,HAIM SAban,756.0,807
808,6436,alVARO SAIEH Bendeck,757.0,808
809,3833,michael & reINER SCHMIDT-RUTHENBECK,758.0,809
810,2694,lynn sCHUSTerman,759.0,810
811,4873,maRK SHoen,760.0,811
812,1079,michal SOLowow,761.0,812
813,8164,danieL TSAi,762.0,813
814,9047,riCHARD tsai,763.0,814
815,7898,FRANK WANg,764.0,815
816,7737,meG WHITMAn,765.0,816
817,6020,joHN CATSIMATidis,766.0,817
818,8837,do won & jIN SOOk chang,767.0,818
819,4480,cheng cHEUNG Ling,768.0,819
820,5370,BARRY DILler,769.0,820
821,4414,jack DORSEY,770.0,821
822,4887,yAKIR GAbay,771.0,822
823,4443,allan GOLDMan,772.0,823
824,5582,jane GOLDMAN,773.0,824
825,5216,amy goldmAN FOWLER,774.0,825
826,1686,daryl KATZ,775.0,826
827,7196,dianE KEMPER,776.0,827
828,9034,vlaDIMIR KIM,777.0,828
829,8499,lai mEIsong,778.0,829
830,9358,manuel lao HERNANDez,779.0,830
831,4427,jameS LEPRIno,780.0,831
832,9700,liANG XINjun,781.0,832
833,5473,tom MORRIS,782.0,833
834,3452,THI PHUONG THAO NGUYen,783.0,834
835,5943,raJAN RAheja,784.0,835
836,7607,REN JIANhua,785.0,836
837,2830,riCHARD SANDs,786.0,837
838,7243,KERRY STOKES,787.0,838
839,6778,donald TRUMP,788.0,839
840,3448,ROMESH T. Wadhwani,789.0,840
841,8751,wANG Jian,790.0,841
842,1498,cliffoRD ASNess,791.0,842
843,2341,annE BEAUFOUR,792.0,843
844,5146,henri BEAUFour,793.0,844
845,3968,tom BENSon,794.0,845
846,6737,JIM BREYER,795.0,846
847,8546,alEJANDRO BULGHERONI,796.0,847
848,2443,hasmUKH CHUDGAR,797.0,848
849,5930,ennio DOris,798.0,849
850,3556,luis FRIAs,799.0,850
851,7890,VALENTIN GAPONTSev,800.0,851
852,5090,marTIN HAEFner,801.0,852
853,1748,christoPHEr hohn,802.0,853
854,4631,johnELLE HUNT,803.0,854
855,5697,rakesh JHUNJHUNWALA,804.0,855
856,8889,lu XIANGyang,805.0,856
857,5926,john mIDDleton,806.0,857
858,8991,kaZUO OKADA,807.0,858
859,4787,jorgE Perez,808.0,859
860,9779,PRASERT PRASARTTONG-OSoth,809.0,860
861,9677,jean (giGI) PRItzker,810.0,861
862,8462,mochTAR riady,811.0,862
863,7052,arkadY ROTENBErg,812.0,863
864,9605,michaeL RUBin,813.0,864
865,7735,roBERT SANds,814.0,865
866,9537,hERBERT SIMON,815.0,866
867,6670,robERT TOENnies,816.0,867
868,5868,MANUEL VILLAR,817.0,868
869,2001,DON VULTAGGIo,818.0,869
870,9239,wang ZHENhua,819.0,870
871,8698,wu kAITING,820.0,871
872,5214,simON XIE,821.0,872
873,4640,CHUCK BUNDRANT,822.0,873
874,1879,cai dONGchen,823.0,874
875,5209,jose and frANCISCO JOSE CAlderon rojas,824.0,875
876,1711,jASON CHANG,825.0,876
877,2076,smita crISHNA-Godrej,826.0,877
878,3909,diNG SHIZHOng,827.0,878
879,9519,FENG HAILIANG,828.0,879
880,2984,GERALD FORD,829.0,880
881,8114,philippE FORIEL-DESTEZET,830.0,881
882,7095,aDI GODrej,831.0,882
883,1562,JAMSHYD GODREj,832.0,883
884,1096,NADIR GODREJ,833.0,884
885,1149,JOSEPH GRENDys,834.0,885
886,7994,hedda iM BRAHM-droege,835.0,886
887,5149,ke zUNHONG,836.0,887
888,3952,raNDAL KIRK,837.0,888
889,5834,alicia kOPLOWITZ,838.0,889
890,6286,kwek LENG beng,839.0,890
891,6130,louiS LE Duff,840.0,891
892,8632,yusaku MAEZAWa,841.0,892
893,3989,seRGIO MANTegazza,842.0,893
894,5467,hanS MELchers,843.0,894
895,3123,erwiN FRANZ MUEller,844.0,895
896,2654,risHAD NAORoji,845.0,896
897,5006,huSNU OZyegin,846.0,897
898,3183,prAJOGO PANGEstu,847.0,898
899,4379,jEFF ROTHSchild,848.0,899
900,2381,thoMAS SIebel,849.0,900
901,3551,paul SInger,850.0,901
902,2579,RALPH SONNENBERg,851.0,902
903,3349,jon STRYKER,852.0,903
904,8887,georG STUMPf,853.0,904
905,7310,tsai HONG-tu,854.0,905
906,4492,vinCENT VIOLA,855.0,906
907,2825,radOVAN VITEk,856.0,907
908,8959,wang lAICHUN,857.0,908
909,7609,wang LAISHEng,858.0,909
910,1107,carlos arDILA LÜLLE,859.0,910
911,2616,"william CONway, jr.",860.0,911
912,8808,danieL D'ANIELLO,861.0,912
913,2448,jim DAVIs,862.0,913
914,4727,ding SHIJia,863.0,914
915,6907,"john DORRANCE, IIi.",864.0,915
916,9075,DORIS FISHEr,865.0,916
917,5723,jOHN FISHer,866.0,917
918,4295,caroline HAGEN KJOS,867.0,918
919,7337,kiEU HOANG,868.0,919
920,7844,huANG SHIH Tsai,869.0,920
921,7253,h. WAYNE HUIZENGa,870.0,921
922,9343,osman KIBAR,871.0,922
923,2597,aloke LOHIa,872.0,923
924,3333,tAHA MIKati,873.0,924
925,4215,philIP NIARCHos,874.0,925
926,2061,stefan Olsson,875.0,926
927,8433,sebASTIAN PIÑERa,876.0,927
928,3575,pennY PRItzker,877.0,928
929,5998,nicoLAS PUECH,878.0,929
930,3929,chandrU RAHEJA,879.0,930
931,2620,david RUBEnstein,880.0,931
932,3304,shI YUzhu,881.0,932
933,3289,zygmunt SOLorz-zak,882.0,933
934,5602,tUNG CHEE CHEn,883.0,934
935,8720,MARK WALTER,884.0,935
936,7570,"wILLIAM WRIGLEY, jr.",885.0,936
937,7424,mORTIMER ZUCKerman,886.0,937
938,2717,moheD ALTRAD,887.0,938
939,6349,aniL AMBANi,888.0,939
940,1574,roberto anGELINI rossi,889.0,940
941,2064,saeed bIN BUTTI AL QEBAIsi,890.0,941
942,2790,pIERRE CHEN,891.0,942
943,2630,raY DAVis,892.0,943
944,2924,"edwaRD DEBARTOLo, jr.",893.0,944
945,8417,bennett DORRANCE,894.0,945
946,6171,eduardo EURNEKIAN,895.0,946
947,1352,pierO FErrari,896.0,947
948,3597,fioNA GEMInder,897.0,948
949,3358,gu yUHUa,898.0,949
950,7920,DON HANKey,899.0,950
951,3489,reed HASTINgs,900.0,951
952,4296,huaNG WEI,901.0,952
953,5839,jameS IRsay,902.0,953
954,6298,kIM BEOM-su,903.0,954
955,5531,musTAFA Kucuk,904.0,955
956,6918,mohamed Mansour,905.0,956
957,7135,najIB MIKATI,906.0,957
958,6607,ermirio pereIRA DE moraes,907.0,958
959,2166,bob pARSons,908.0,959
960,3446,KRIT RATANArak,909.0,960
961,7559,heLENA REvoredo,910.0,961
962,1800,philLIP RUFFIN,911.0,962
963,3149,howard SCHULtz,912.0,963
964,2792,e. JOE SHOEn,913.0,964
965,5626,thomaS STRAUMANN,914.0,965
966,9583,lawrenCE stroll,915.0,966
967,7476,andrEW tan,916.0,967
968,8502,tsai cHENG-Da,917.0,968
969,5328,frank VANDERSLoot,918.0,969
970,6633,sandro VERonesi,919.0,970
971,1420,ty wARNER,920.0,971
972,6310,OPRAH WINFRey,921.0,972
973,7757,zhang WENzhong,922.0,973
974,9129,zUO Hui,923.0,974
975,9292,juaN ABello,924.0,975
976,1737,semahat SEVIM ARSEL,925.0,976
977,3121,baNG JUN-Hyuk,926.0,977
978,2404,koos BEKker,927.0,978
979,8381,davID BONDERMAN,928.0,979
980,3941,francesco gaETANO Caltagirone,929.0,980
981,8845,joHN CAUdwell,930.0,981
982,4632,chen FASHU,931.0,982
983,6505,CHUNG EUi-sun,932.0,983
984,8627,iSABEL DOS SANtos,933.0,984
985,6795,fonG YUN WAH,934.0,985
986,5341,phillIP FROST,935.0,986
987,2562,lutz MARIO HELMIG,936.0,987
988,3399,b. WAYNE HUGHES,937.0,988
989,5282,daNIEL KRETINSKY,938.0,989
990,9912,raj KUMAR & KISHIn rk,939.0,990
991,1143,laM KOng,940.0,991
992,6660,lau CHO kun,941.0,992
993,4998,"stepheN MANDEL, jr.",942.0,993
994,8949,gillES MArtin,943.0,994
995,2971,danIEL MATE,944.0,995
996,4782,rOBERT MILLER,945.0,996
997,8955,jorge moLL FILho,946.0,997
998,3389,maria helenA MORAes scripilliti,947.0,998
999,7858,sEAN PARker,948.0,999
1000,5047,jay PAUl,949.0,1000
1001,3050,paTRICK RYAN,950.0,1001
1002,7161,thOMAS SECUNDa,951.0,1002
1003,1744,SHEN WENRONg,952.0,1003
1004,8403,sHEN YUXINg,953.0,1004
1005,2078,gil SHwed,954.0,1005
1006,4909,sONG ZUOWEN,955.0,1006
1007,9540,warreN STEPHENS,956.0,1007
1008,8098,GLEN TAylor,957.0,1008
1009,8754,hanni TOOSBUY KASPRZak,958.0,1009
1010,7285,tORBJORN TORNQVist,959.0,1010
1011,2347,bulat UTEMURatov,960.0,1011
1012,9544,chip WILSon,961.0,1012
1013,3820,jerry Yang,962.0,1013
1014,9328,zHANG FAN,963.0,1014
1015,8095,zhu XINGLIang,964.0,1015
1016,9011,ramON ang,965.0,1016
1017,4714,edwARD Bass,966.0,1017
1018,9345,leE BAss,967.0,1018
1019,2469,bert beVERIDGE,968.0,1019
1020,6662,gEORGE BIShop,969.0,1020
1021,7118,jaime BOTin,970.0,1021
1022,8712,NORMAN BRAMAN,971.0,1022
1023,7510,CHIN JONG Hwa,972.0,1023
1024,7640,cho taK WOng,973.0,1024
1025,3013,john COates,974.0,1025
1026,4220,du JIANgtao,975.0,1026
1027,7109,aloYSIO DE ANDRADe faria,976.0,1027
1028,4123,kenNETH FELd,977.0,1028
1029,1281,luCA GARAVOGlia,978.0,1029
1030,8218,noam goTTESMAN,979.0,1030
1031,4396,JONATHAN GRAY,980.0,1031
1032,2684,sTEIN ERIK HAGEn,981.0,1032
1033,8947,chaNG-WOo han,982.0,1033
1034,7387,john HENry,983.0,1034
1035,9572,lawreNCE ho,984.0,1035
1036,6367,huI LIN CHIT,985.0,1036
1037,5008,mustaFA RAHMI Koc,986.0,1037
1038,7307,kuaN KAM hon,987.0,1038
1039,5749,jANE LAuder,988.0,1039
1040,2130,aeRIN LAUDER ZINterhofer,989.0,1040
1041,3342,maRITSA LAZari,990.0,1041
1042,4020,BERNARD LEWIs,991.0,1042
1043,9260,vinceNT lo,992.0,1043
1044,6450,jeffREY LORBERBAUm,993.0,1044
1045,9670,JOE MANSUETO,994.0,1045
1046,6147,jOSE ROBERTO MARINho,995.0,1046
1047,7800,robertO IRINEU MArinho,996.0,1047
1048,4261,c. DEAN METROPOULOs,997.0,1048
1049,5980,ariSTOTELIS MIstakidis,998.0,1049
1050,2550,arturo MORENO,999.0,1050
1051,3306,yoSHIKO MORI,1000.0,1051
1052,4304,adam NEUMANn,1001.0,1052
1053,9426,or waI SHEun,1002.0,1053
1054,6275,ricHARD peery,1003.0,1054
1055,1196,horST JULIUS PUDWILl,1004.0,1055
1056,8492,p.v. RAMPRASAD REDdy,1005.0,1056
1057,8967,LARRY ROBBIns,1006.0,1057
1058,4327,caRLOS SANCHEZ,1007.0,1058
1059,6036,stePHAN SCHMIDHEINY,1008.0,1059
1060,1985,klaus-petER SCHULenberg,1009.0,1060
1061,3230,chaRLES SIMONYI,1010.0,1061
1062,4691,mark STEVENS,1011.0,1062
1063,9747,sze MAN Bok,1012.0,1063
1064,1468,SARIK TARa,1013.0,1064
1065,7082,lotTIE THAM,1014.0,1065
1066,6836,peteR THIEL,1015.0,1066
1067,9755,elaiNE WYnn,1016.0,1067
1068,3142,DENISE YORK,1017.0,1068
1069,1379,daVID ZALIK,1018.0,1069
1070,8076,ZHAO TAo,1019.0,1070
1071,4459,georgE ARGYRos,1020.0,1071
1072,9839,joHN ARRILLAGA,1021.0,1072
1073,2835,CHARLES BRONFMAN,1022.0,1073
1074,6700,peteR BUCK,1023.0,1074
1075,1113,chEN JINXia,1024.0,1075
1076,7594,vivieN CHEn,1025.0,1076
1077,4122,chu LAM Yiu,1026.0,1077
1078,2413,jean COUTU,1027.0,1078
1079,2778,joSE LUIS CUTrale,1028.0,1079
1080,5051,jai HARI & YADU HARI DAlmia,1029.0,1080
1081,7966,bergit DOUglas,1030.0,1081
1082,3903,alfredo EGYDIO ARRUDA VIllela filho,1031.0,1082
1083,5892,maRCEL Erni,1032.0,1083
1084,9727,andrE ESTEVES,1033.0,1084
1085,9112,carlo FIDani,1034.0,1085
1086,3211,abhAY FIrodia,1035.0,1086
1087,3170,alFRED GANTner,1036.0,1087
1088,2861,geng jIANming,1037.0,1088
1089,3710,mitCHELL GOLDHAR,1038.0,1089
1090,2994,HORTENSIA HERRERO,1039.0,1090
1091,1683,mICHAEL HINtze,1040.0,1091
1092,8236,igoR KESaev,1041.0,1092
1093,9892,koON POH KEong,1042.0,1093
1094,4168,hermANN LAngness,1043.0,1094
1095,6524,li ZHONGCHU,1044.0,1095
1096,8557,alexanDER MAMUT,1045.0,1096
1097,8085,joAO ROBERTO MARINHo,1046.0,1097
1098,9179,"drayton mCLANE, JR.",1047.0,1098
1099,9382,PATRICE MOTSEpe,1048.0,1099
1100,1866,alfrED Oetker,1049.0,1100
1101,6798,augusT OETKER,1050.0,1101
1102,7489,carl ferdiNAnd oetker,1051.0,1102
1103,5963,christIAN OETKER,1052.0,1103
1104,3658,juliA OETKER,1053.0,1104
1105,8154,ricHARD OETKEr,1054.0,1105
1106,7935,dANIEL PRitzker,1055.0,1106
1107,9086,john pRITZKER,1056.0,1107
1108,7465,nEVALDO ROCHA,1057.0,1108
1109,3249,luigI ROVAti,1058.0,1109
1110,4126,feriT FAIK SAHENK,1059.0,1110
1111,6316,rosELY SCHWEizer,1060.0,1111
1112,1081,eric SMIdt,1061.0,1112
1113,4654,alEXANDER SPANOs,1062.0,1113
1114,9995,leena TEWari,1063.0,1114
1115,5635,TONG JINQUAN,1064.0,1115
1116,3718,PETER UNGEr,1065.0,1116
1117,7473,suNNY VArkey,1066.0,1117
1118,6760,URS WIETLISBACh,1067.0,1118
1119,2217,mICHAEL YIng,1068.0,1119
1120,6168,yu miNHONG,1069.0,1120
1121,3111,eva marIA BUCHER-haefner,1070.0,1121
1122,4281,cHEN Hua,1071.0,1122
1123,4488,gustAVO Denegri,1072.0,1123
1124,1158,dERMOT DESMond,1073.0,1124
1125,3608,muraLI Divi,1074.0,1125
1126,3069,THOMAS FLOhr,1075.0,1126
1127,1439,berNARD FRAISse,1076.0,1127
1128,1229,harsH GOENKa,1077.0,1128
1129,8805,davID GOTTESMAN,1078.0,1129
1130,1073,murLI DHAR & BIMAL KUMAR GYANCHANDANi,1079.0,1130
1131,8352,BILL HASLAM,1080.0,1131
1132,5807,HU BAIFan,1081.0,1132
1133,4867,w. HERBERT HUNt,1082.0,1133
1134,8758,alIJAN IBRAGImov,1083.0,1134
1135,1034,brADLEY JACobs,1084.0,1135
1136,4772,brad KELLEY,1085.0,1136
1137,8461,VINOD KHOSLA,1086.0,1137
1138,9728,stephen LANSdown,1087.0,1138
1139,5527,mARTIN LAU,1088.0,1139
1140,3914,lEE JOONG-KEun,1089.0,1140
1141,3814,LIN Li,1090.0,1141
1142,1920,kennETH LO,1091.0,1142
1143,2688,alexanDER MACHkevich,1092.0,1143
1144,7526,claYTON MAThile,1093.0,1144
1145,7834,stanLEY PErron,1094.0,1145
1146,2638,j. joe RICketts,1095.0,1146
1147,3061,dIRK ROSSMAnn,1096.0,1147
1148,6654,fiLIZ SAHENK,1097.0,1148
1149,4820,dAN SNYDER,1098.0,1149
1150,1687,petER SPuhler,1099.0,1150
1151,2690,tANG YIU,1100.0,1151
1152,6158,john TYSon,1101.0,1152
1153,3326,wong MAN li,1102.0,1153
1154,6506,lia mariA Aguiar,1103.0,1154
1155,9186,aziZ AKHANNOUCh,1104.0,1155
1156,6160,RON BAROn,1105.0,1156
1157,2816,sHYAM & HARI BHartia,1106.0,1157
1158,7759,timOTHY boyle,1107.0,1158
1159,6012,tatiANA CASIRAghi,1108.0,1159
1160,4506,chan TAN CHINg-fen,1109.0,1160
1161,1337,"CHASE COLEMAN, III.",1110.0,1161
1162,1366,MARK COOMbs,1111.0,1162
1163,9702,jAMES COUlter,1112.0,1163
1164,9880,dulce pUGLIESE DE GODOY BUENo,1113.0,1164
1165,5649,ana lUCIA DE MATTOS BARRETTO Villela,1114.0,1165
1166,1467,"frank feRTITTA, IIi.",1115.0,1166
1167,3776,loRENZO FERTITta,1116.0,1167
1168,2486,maria fRANCA fissolo,1117.0,1168
1169,5241,alexanDER FROLOV,1118.0,1169
1170,4016,"ernest GARCIA, II.",1119.0,1170
1171,3685,alEXANDRE GRENDEne bartelle,1120.0,1171
1172,2411,vinoD & ANIL RAI GUPta,1121.0,1172
1173,7983,torstEIN HAGen,1122.0,1173
1174,5571,he QIAonv,1123.0,1174
1175,2893,haNS-WERNER Hector,1124.0,1175
1176,5528,sTANLEY HUbbard,1125.0,1176
1177,8728,kE XIPING,1126.0,1177
1178,9524,sUNA KIRac,1127.0,1178
1179,6933,kONG JIAN min,1128.0,1179
1180,3009,kOO BON-moo,1129.0,1180
1181,9760,heikKI KYOSTILA,1130.0,1181
1182,9481,thomaS lee,1131.0,1182
1183,1900,erIC LEFKofsky,1132.0,1183
1184,6800,petER Lim,1133.0,1184
1185,7299,scOTT Lin,1134.0,1185
1186,5317,tOMAS OLIVO Lopez,1135.0,1186
1187,3712,phillip T. (TERRY) ragon,1136.0,1187
1188,6252,steWART RAHr,1137.0,1188
1189,3936,t. denny SANFOrd,1138.0,1189
1190,8340,"julio mario SANTO domingo, iii.",1139.0,1190
1191,4975,"karl scHEUFELE, III.",1140.0,1191
1192,3707,sHEN GUOjun,1141.0,1192
1193,5976,alaIN TARavella,1142.0,1193
1194,3637,OLEG TINKOv,1143.0,1194
1195,7718,T.Y. TSAi,1144.0,1195
1196,4022,TUNG CHEE HWA,1145.0,1196
1197,6424,tED TURner,1146.0,1197
1198,6046,sunil VASWAni,1147.0,1198
1199,4832,jitendRA VIRwani,1148.0,1199
1200,9791,LANG WALKER,1149.0,1200
1201,7304,WU ZHIGang,1150.0,1201
1202,8477,xiao WENGE,1151.0,1202
1203,2627,xIONG XUqiang,1152.0,1203
1204,4624,takAO YASUDA,1153.0,1204
1205,5251,willIAM YOung,1154.0,1205
1206,1399,eddie & SOL zakay,1155.0,1206
1207,2310,ZHANG XIugen,1156.0,1207
1208,2390,lesliE ALExander,1157.0,1208
1209,4460,pATRICIA ANGELINI ROssi,1158.0,1209
1210,2805,jOSEF BOQUOI,1159.0,1210
1211,4100,nIKOLAI BUinov,1160.0,1211
1212,7946,RICHARD CHANDLER,1161.0,1212
1213,3173,cHENG Xue,1162.0,1213
1214,1374,patokh CHODIEv,1163.0,1214
1215,4879,choo cHONg ngen,1164.0,1215
1216,3774,todD CHRISTOPHEr,1165.0,1216
1217,3228,john DE MOL,1166.0,1217
1218,5851,boB GAGLardi,1167.0,1218
1219,8145,GORDON GETTY,1168.0,1219
1220,8743,phILIPPE Ginestet,1169.0,1220
1221,5952,sanjiV GOENKa,1170.0,1221
1222,9849,alec GOREs,1171.0,1222
1223,1722,daVID HAINs,1172.0,1223
1224,8426,bahaa HARIRI,1173.0,1224
1225,8232,WILLIAM HEINECKe,1174.0,1225
1226,9599,HUANG HONgyun,1175.0,1226
1227,7129,huanG ZHENDA,1176.0,1227
1228,1103,ravI JAIPURIa,1177.0,1228
1229,2741,jiang YEHUA,1178.0,1229
1230,8747,MANUEL jove,1179.0,1230
1231,6102,wilLIBERT krueger,1180.0,1231
1232,1566,kuok KHOON hong,1181.0,1232
1233,5326,chriSTIAN LATOUCHe,1182.0,1233
1234,2192,gUENTHER Lehmann,1183.0,1234
1235,8163,li hoNGXIN,1184.0,1235
1236,8485,li XITIng,1185.0,1236
1237,7059,LIANG YUNchao,1186.0,1237
1238,2960,BRANDT Louie,1187.0,1238
1239,7906,catheRINE LOZick,1188.0,1239
1240,1083,igOR MAKAROv,1189.0,1240
1241,1187,mao lIXiang,1190.0,1241
1242,7666,hARSH MARIWAla,1191.0,1242
1243,7617,martin moLLER NIELSEN,1192.0,1243
1244,6037,daviD MURDock,1193.0,1244
1245,7284,n.R. NARAYANA murthy,1194.0,1245
1246,2244,geORG NEMETSChek,1195.0,1246
1247,1182,vikAS OBEROI,1196.0,1247
1248,4524,MAJA Oeri,1197.0,1248
1249,7605,ong beng seng aND CHristina ong,1198.0,1249
1250,6509,"h. ROSS PEROT, jr.",1199.0,1250
1251,7022,tor PETERson,1200.0,1251
1252,4403,heLOISE pratt,1201.0,1252
1253,5693,alexeY REPIK,1202.0,1253
1254,4762,sHIN CHANg-jae,1203.0,1254
1255,9778,kavitark RAM shriram,1204.0,1255
1256,6797,sylviA STRoeher,1205.0,1256
1257,9455,katsuMI TADA,1206.0,1257
1258,9389,TANG SHING-Bor,1207.0,1258
1259,1255,geoRG VON opel,1208.0,1259
1260,3275,davID WALentas,1209.0,1260
1261,2587,ronaLD WANEK,1210.0,1261
1262,6610,WANG CHANGTian,1211.0,1262
1263,5703,WANG WENJIng,1212.0,1263
1264,2803,YE CHENG,1213.0,1264
1265,6667,zhu GONGShan,1214.0,1265
1266,1045,anTTI AARNIO-WIHURi,1215.0,1266
1267,2612,S. DANIEL abraham,1216.0,1267
1268,8173,joAO ALVES DE QUEIROZ filho,1217.0,1268
1269,6558,mikA ANTTONEN,1218.0,1269
1270,5433,thor bjORGOLFSSON,1219.0,1270
1271,9092,andREI BOKAREV,1220.0,1271
1272,3940,bernhaRD BRAUN-LUEDICke,1221.0,1272
1273,6983,eva MARIA BRAUN-LUEdicke,1222.0,1273
1274,1960,friederikE BRAUN-LUEDICKE,1223.0,1274
1275,7563,RON BURKLe,1224.0,1275
1276,3106,viVEK CHAND BURMan,1225.0,1276
1277,7650,chen YUNG-TAI,1226.0,1277
1278,8200,jamES CLArk,1227.0,1278
1279,7208,chrISTOPHER CLINe,1228.0,1279
1280,3143,aleXANDRA DAITch,1229.0,1280
1281,3031,donG WEi,1230.0,1281
1282,1396,fritz drAEXLMAIER,1231.0,1282
1283,4897,glenn Dubin,1232.0,1283
1284,3486,robERT DUGGan,1233.0,1284
1285,3357,JAYME GARFINKEL,1234.0,1285
1286,8117,sam GOI,1235.0,1286
1287,9104,thOMAS HAgen,1236.0,1287
1288,6357,carlos HANk rhon,1237.0,1288
1289,4738,christoPH HENKEL,1238.0,1289
1290,2535,hu kAIJUN,1239.0,1290
1291,3610,HUANG YI,1240.0,1291
1292,8555,ramesh JUNeja,1241.0,1292
1293,3316,bruce KARSH,1242.0,1293
1294,8597,henrY LAUfer,1243.0,1294
1295,9424,lee BOO-JIN,1244.0,1295
1296,9761,lee JAY-Hyun,1245.0,1296
1297,1931,wolfGANG LEItner,1246.0,1297
1298,8151,LI GE,1247.0,1298
1299,3510,haraLD LINK,1248.0,1299
1300,6521,liU MING HUI,1249.0,1300
1301,4252,jeffreY LUrie,1250.0,1301
1302,5480,ma xiNGTIAN,1251.0,1302
1303,2802,SARAH MACMILlan,1252.0,1303
1304,5829,howarD MArks,1253.0,1304
1305,8689,MIAO SHOULIang,1254.0,1305
1306,8802,lachhmaN DAS MITTAL,1255.0,1306
1307,5386,mario moRETTI POLegato,1256.0,1307
1308,6351,vaDIM MOSHKOVICh,1257.0,1308
1309,2367,MOFATRAJ munot,1258.0,1309
1310,2818,JONATHAN NELSON,1259.0,1310
1311,3331,florenTINO Perez,1260.0,1311
1312,1771,chuchat & daONAPA PETAUMPAi,1261.0,1312
1313,4891,PETER PETERSOn,1262.0,1313
1314,7292,arvinD PODDar,1263.0,1314
1315,2472,muRDAYA POO,1264.0,1315
1316,9258,ren ZHENGfei,1265.0,1316
1317,2568,aNTONY RESSLer,1266.0,1317
1318,6713,franCISCO JOSE RIBERAS mera,1267.0,1318
1319,2909,rodneY SACKS,1268.0,1319
1320,5608,hiltoN SCHLOsberg,1269.0,1320
1321,7950,briaN SHeth,1270.0,1321
1322,2940,lucy STItzer,1271.0,1322
1323,5905,SU SUYU,1272.0,1323
1324,9053,satoshi SUZUki,1273.0,1324
1325,8957,katheriNE TANNER,1274.0,1325
1326,4758,arviND Tiku,1275.0,1326
1327,8262,waNG LIping,1276.0,1327
1328,4127,wANG XICHENG,1277.0,1328
1329,7436,WEI SHAOjun,1278.0,1329
1330,8361,AMY WYSs,1279.0,1330
1331,4367,joN YARBROUGH,1280.0,1331
1332,2352,vladIMIR YEVTUSHEnkov,1281.0,1332
1333,9595,charleS ZEgar,1282.0,1333
1334,5342,zhu BAOGuo,1283.0,1334
1335,1365,saif AL Ghurair,1284.0,1335
1336,6593,syED MOKHTAR ALBUKHARY,1285.0,1336
1337,7789,miriAM BAUMANN-BLocher,1286.0,1337
1338,6280,albeRT BERNER,1287.0,1338
1339,2306,tHOMAS BRUCH,1288.0,1339
1340,7239,chang YUN chung,1289.0,1340
1341,2961,kiAT CHIARAVAnont,1290.0,1341
1342,7010,jean-paUL AND MARTINE CLOzel,1291.0,1342
1343,9973,benjamin DE ROTHSCHild,1292.0,1343
1344,2703,james DINan,1293.0,1344
1345,9137,charleS EDElstenne,1294.0,1345
1346,4166,bERND FREier,1295.0,1346
1347,2145,biLL GRoss,1296.0,1347
1348,7455,jeFFREY GUNDLACH,1297.0,1348
1349,1422,suaT GUnsel,1298.0,1349
1350,9660,shmuel HARLAP,1299.0,1350
1351,7530,robERTO HERNANDEZ Ramirez,1300.0,1351
1352,7293,johannES KAERCHer,1301.0,1352
1353,3514,FRIEDRICH KNAPP,1302.0,1353
1354,6256,lee myUNG-HEe,1303.0,1354
1355,9743,lee SEO-HYUN,1304.0,1355
1356,5936,lIANG JIANKUn,1305.0,1356
1357,1942,liAO LONG-SHIng,1306.0,1357
1358,1390,lin sHU-HONG,1307.0,1358
1359,9025,yasseEN Mansour,1308.0,1359
1360,4792,david NAHMad,1309.0,1360
1361,2268,alexANDER NESIS,1310.0,1361
1362,8678,nandaN NILEKANI,1311.0,1362
1363,2074,ranJAN PAI,1312.0,1363
1364,8696,park hyEON-joo,1313.0,1364
1365,5614,jenNIFER PRItzker,1314.0,1365
1366,5543,qIU JIANPINg,1315.0,1366
1367,1631,MEGDET RAHimkulov,1316.0,1367
1368,7408,VITO RODRIGUEZ RODRIguez,1317.0,1368
1369,5903,stePHEN RUBIN,1318.0,1369
1370,5369,remo rUFFIni,1319.0,1370
1371,8158,erIK SELIn,1320.0,1371
1372,8918,peter SONDAKH,1321.0,1372
1373,7924,ALAN N. TREFLER,1322.0,1373
1374,9162,tseNG SHIn-yi,1323.0,1374
1375,4053,mASATERU UNO,1324.0,1375
1376,8575,waNG QINGTAo,1325.0,1376
1377,4980,eVAN WILLiams,1326.0,1377
1378,2358,gUSTAV MAGNAR witzoe,1327.0,1378
1379,2644,HORST WORTMAnn,1328.0,1379
1380,3604,xiao YONGMing,1329.0,1380
1381,5213,xie zHIkun,1330.0,1381
1382,5226,xue XIANgdong,1331.0,1382
1383,1409,yUAN YAFEI,1332.0,1383
1384,2205,roBIN Zeng,1333.0,1384
1385,4255,zhANG DAOcai,1334.0,1385
1386,2315,zHANG XUANSONg,1335.0,1386
1387,3513,zheNG YUEwen,1336.0,1387
1388,8356,zhou XIAOGuang,1337.0,1388
1389,5918,susANNE ZIMMERMANN VON SIEfart ,1338.0,1389
1390,3416,aRAS AGALARov,1339.0,1390
1391,3902,mauRICE ALter,1340.0,1391
1392,3462,an KANG,1341.0,1392
1393,7769,aLEX BEARd,1342.0,1393
1394,7592,NICOLAS BERGGRUEN,1343.0,1394
1395,1727,vladimiR BOgdanov,1344.0,1395
1396,7699,juLIO BOzano,1345.0,1396
1397,6894,anna MARIA braun,1346.0,1397
1398,5840,joHANNA BRAun,1347.0,1398
1399,1810,karl FRIEDRICH BRAUn,1348.0,1399
1400,3501,anAND BUrman,1349.0,1400
1401,9549,eDOUARD CArmignac,1350.0,1401
1402,2235,cHEN JIANHUA,1351.0,1402
1403,2889,cheUNG Yan,1352.0,1403
1404,7042,chung mONG-Joon,1353.0,1404
1405,6083,jACK COWin,1354.0,1405
1406,2718,cui GENLiang,1355.0,1406
1407,6547,kOMMER DAmen,1356.0,1407
1408,4931,dieGO DELLA Valle,1357.0,1408
1409,3630,dou ZHENGGANg,1358.0,1409
1410,6445,n. MURRAY edwards,1359.0,1410
1411,2418,gaBRIEL ESCARRER,1360.0,1411
1412,6790,clemENT Fayat,1361.0,1412
1413,1986,jameS FRANce,1362.0,1413
1414,1864,senapathY GOPAlakrishnan,1363.0,1414
1415,2026,david HARDINg,1364.0,1415
1416,7997,stewART HOREJSI,1365.0,1416
1417,3568,huaNG QISEN,1366.0,1417
1418,5153,hamilTON JAmes,1367.0,1418
1419,4037,jOHN KApoor,1368.0,1419
1420,9665,wiLLIAM Lauder,1369.0,1420
1421,7279,lI ZONGSONg,1370.0,1421
1422,8831,willY MIchel,1371.0,1422
1423,3000,maSAHIRO noda,1372.0,1423
1424,1504,grEGORIO PEREZ COMpanc,1373.0,1424
1425,2853,linDA PRITzker,1374.0,1425
1426,4692,qin HUi,1375.0,1426
1427,7671,matthias REInhart,1376.0,1427
1428,1505,brian ROBErts,1377.0,1428
1429,5459,ALBERTO ROEmmers,1378.0,1429
1430,3459,geRALD SCHWARTZ,1379.0,1430
1431,2093,tHAKSIN SHINAwatra,1380.0,1431
1432,1937,WILLIAM STone,1381.0,1432
1433,6630,petter sTORDALEn,1382.0,1433
1434,7513,julia STOSChek,1383.0,1434
1435,2182,MAXIMILIAN SToschek,1384.0,1435
1436,2036,suN SHOUKuan,1385.0,1436
1437,6204,ba duONG Tran,1386.0,1437
1438,6253,hamdI ULUKaya,1387.0,1438
1439,8884,wong LUEN HEI,1388.0,1439
1440,8742,wu yULan,1389.0,1440
1441,3421,xu HANG,1390.0,1441
1442,2174,yanG ERzhu,1391.0,1442
1443,1679,yao KUIZHANG,1392.0,1443
1444,9199,sheng jIAN Zhong,1393.0,1444
1445,9226,marCEL ADAMS,1394.0,1445
1446,6974,"HERBERT ALLEN, JR.",1395.0,1446
1447,3781,michael ASHCROFt,1396.0,1447
1448,5082,romAN AVDEEV,1397.0,1448
1449,3586,emilio azCARRAGA Jean,1398.0,1449
1450,7832,sezAI BACAKsiz,1399.0,1450
1451,3851,lesley BAMBErger,1400.0,1451
1452,9503,anGELA BENnett,1401.0,1452
1453,4466,hubERTUS BENTELER,1402.0,1453
1454,2014,ludwig thEODOR Braun,1403.0,1454
1455,6425,NICOLA BUlgari,1404.0,1455
1456,8722,pAOLO BULGARi,1405.0,1456
1457,8368,chen DEJun,1406.0,1457
1458,7943,TONY CHEN,1407.0,1458
1459,2660,chen XUELi,1408.0,1459
1460,8238,luigi cREMOnini,1409.0,1460
1461,3001,domINIQUE DEsseigne,1410.0,1461
1462,7451,seFIK YILMAZ DIZDAR,1411.0,1462
1463,4724,domeniCO DOLCE,1412.0,1463
1464,4476,PAVEL DURov,1413.0,1464
1465,8202,JOHN FARBER,1414.0,1465
1466,6643,roberT Fisher,1415.0,1466
1467,1568,wILLIAM FISHER,1416.0,1467
1468,3827,stefaNO GABBANa,1417.0,1468
1469,8669,rolf GERling,1418.0,1469
1470,7273,seRGE GODIn,1419.0,1470
1471,5990,sERGEI GORDEEv,1420.0,1471
1472,8503,mehmet naZIF GUnal,1421.0,1472
1473,1586,yusuf HAMied,1422.0,1473
1474,5094,GERRY HARVEy,1423.0,1474
1475,3692,timothy HEADINGton,1424.0,1475
1476,3007,huang CHUlong,1425.0,1476
1477,8126,huO QINGHUA,1426.0,1477
1478,3632,deVENDRA JAIn,1427.0,1478
1479,8818,jiaNG YINtai,1428.0,1479
1480,2876,"jim jusTICE, II.",1429.0,1480
1481,9775,KIM JUN-ki,1430.0,1481
1482,2330,WILLIAM KOCH,1431.0,1482
1483,2968,ANTHONY LANgley,1432.0,1483
1484,8993,maRC LASRY,1433.0,1484
1485,8107,pETER LEIBINGEr,1434.0,1485
1486,6076,REGINE LEIBINGer,1435.0,1486
1487,4924,lI SAN yim,1436.0,1487
1488,6474,davID LICHTENStein,1437.0,1488
1489,6924,LIM OON KUIN,1438.0,1489
1490,7998,liu miNG Chung,1439.0,1490
1491,7438,mA XIUHUI,1440.0,1491
1492,9111,PRAYUDH MAHAGITSIri,1441.0,1492
1493,3492,anaND MAHINDRa,1442.0,1493
1494,6727,kishore MARIWALa,1443.0,1494
1495,9456,cRAIG MCcaw,1444.0,1495
1496,1906,mIGUEL MCKelvey,1445.0,1496
1497,3060,vincent MCMAHON,1446.0,1497
1498,7407,david MCMUrtry,1447.0,1498
1499,8573,gary MICHELson,1448.0,1499
1500,6706,massimo MORATTI,1449.0,1500
1501,4930,FARHAD MOSHIri,1450.0,1501
1502,6966,jerrY Moyes,1451.0,1502
1503,5351,charLES MUnger,1452.0,1503
1504,1835,kerr nEILSon,1453.0,1504
1505,3785,OU ZONGrong,1454.0,1505
1506,4593,nihaT OZdemir,1455.0,1506
1507,8496,pan WEIMing,1456.0,1507
1508,9553,parK YEON-CHA,1457.0,1508
1509,9316,NELSON PELTz,1458.0,1509
1510,5253,rogER PENSKE,1459.0,1510
1511,8972,qI JINXING,1460.0,1511
1512,7458,QI SHi,1461.0,1512
1513,6732,theodore RACHMAT,1462.0,1513
1514,7519,juaN MARIA RIberas mera,1463.0,1514
1515,5155,vijay SHEKHAR SHARMA,1464.0,1515
1516,5515,KONSTANTIN STRUKOV,1465.0,1516
1517,4650,henrY SWIECa,1466.0,1517
1518,7788,wiCHAI THONGTANG,1467.0,1518
1519,1278,torsteN TOELLEr,1468.0,1519
1520,1938,rOMAN TROTSENKO,1469.0,1520
1521,8379,TODD WAGner,1470.0,1521
1522,4805,waNG CHAobin,1471.0,1522
1523,5030,wang yANQING,1472.0,1523
1524,3690,john wHITTaker,1473.0,1524
1525,6698,wu gUANGMING,1474.0,1525
1526,8794,XU QIMINg,1475.0,1526
1527,5916,zhang XIAOJUan,1476.0,1527
1528,7342,melih abdULHAYoglu,1477.0,1528
1529,4910,radhe sHYAM AGARWAL,1478.0,1529
1530,4121,moHAMED AL FAYED,1479.0,1530
1531,1199,fAISAL BIN QASSIM AL Thani,1480.0,1531
1532,9391,williAM F. austin,1481.0,1532
1533,9081,louiS BACON,1482.0,1533
1534,2285,achAL BAkeri,1483.0,1534
1535,3477,othmAN BENJELLOun,1484.0,1535
1536,9929,willIAM Berkley,1485.0,1536
1537,9873,aneel BHUSRI,1486.0,1537
1538,9738,o. fraNCIS biondi,1487.0,1538
1539,8270,johN BLOor,1488.0,1539
1540,4518,davID BOOth,1489.0,1540
1541,2261,cai weNSHENG,1490.0,1541
1542,6782,AHMET CALIK,1491.0,1542
1543,5864,MICHEL CHALHOUB,1492.0,1543
1544,4199,CHEN XIAOYINg,1493.0,1544
1545,2521,chO JUNg-ho,1494.0,1545
1546,9902,turgaY CIner,1495.0,1546
1547,1756,stEVE COnine,1496.0,1547
1548,1408,jacqueS D'AMOurs,1497.0,1548
1549,5040,roBERT DEFares,1498.0,1549
1550,3652,alexandeR DZHAPARIDZE,1499.0,1550
1551,8699,stePHEN FEINBERg,1500.0,1551
1552,7308,pAUL FOSTER,1501.0,1552
1553,7571,MARIO GABElli,1502.0,1553
1554,7069,marcoS GALperin,1503.0,1554
1555,7398,radHE SHYAM goenka,1504.0,1555
1556,2566,christophER GOLDsbury,1505.0,1556
1557,4179,stELIOS HAJI-IOANNOu,1506.0,1557
1558,1477,ilkkA HERLIn,1507.0,1558
1559,6331,briaN HIGGIns,1508.0,1559
1560,1106,stephen jARISLOWSKy,1509.0,1560
1561,4934,miCHAEL JORDAn,1510.0,1561
1562,5709,keNJI KASAHARA,1511.0,1562
1563,6170,kim tAEK-JIN,1512.0,1563
1564,2226,eDWARD LAMPErt,1513.0,1564
1565,4486,thoMAS LAU,1514.0,1565
1566,2866,thAI LEE,1515.0,1566
1567,3059,lei JUFANG,1516.0,1567
1568,2800,LI Li,1517.0,1568
1569,9269,li LIUFa,1518.0,1569
1570,5014,LIU HANyuan,1519.0,1570
1571,4430,pier lUIGI LORO PIANA,1520.0,1571
1572,3926,billy joe (RED) MCCombs,1521.0,1572
1573,1690,gian MARCO MORATti,1522.0,1573
1574,1570,manuel MOROUn,1523.0,1574
1575,1808,rOBERT MOuawad,1524.0,1575
1576,9414,marius NACHT,1525.0,1576
1577,2487,ni zUGEN,1526.0,1577
1578,2029,lirio PARIsotto,1527.0,1578
1579,1167,karl-JOHAN persson,1528.0,1579
1580,6991,tOM PERSSOn,1529.0,1580
1581,5510,dMITRY PUMPYANSKY,1530.0,1581
1582,1596,rUAN SHUILong,1531.0,1582
1583,4074,JEAN SALATA,1532.0,1583
1584,1453,SHERYL SANDBErg,1533.0,1584
1585,6399,niraJ SHAH,1534.0,1585
1586,8685,SHIN DONG-GUk,1535.0,1586
1587,3391,ben siLBERMann,1536.0,1587
1588,7923,charlotte SOderstrom,1537.0,1588
1589,1621,thOMAS STEYER,1538.0,1589
1590,4264,su WEIZHOng,1539.0,1590
1591,1529,dAVID TEOH,1540.0,1591
1592,9718,wANG JINSHU,1541.0,1592
1593,8697,WANG YAOhai,1542.0,1593
1594,2779,charlotte COLKEt weber,1543.0,1594
1595,6787,weI ING-CHOU,1544.0,1595
1596,4592,yiN-CHUN WEi,1545.0,1596
1597,8912,wei YIN-HENg,1546.0,1597
1598,8070,wei yiNG-CHIAo,1547.0,1598
1599,4495,richARD WHITE,1548.0,1599
1600,8612,alLAN WONG,1549.0,1600
1601,1441,wong kWONG Yu,1550.0,1601
1602,8521,wu jIANSHu,1551.0,1602
1603,6771,WU XU,1552.0,1603
1604,2050,WU XUSHUN,1553.0,1604
1605,9890,luis enriqUE Yarur rey,1554.0,1605
1606,2179,albeRT YEUNG,1555.0,1606
1607,7976,yu RONG,1556.0,1607
1608,7635,kostyantiN zhevago,1557.0,1608
1609,8284,zHOU CHENgjian,1558.0,1609
1610,1856,ZHOU YAOting,1559.0,1610
1611,1305,zhuaNG KUILong,1560.0,1611
1612,9972,joSE JOAO ABDALLA FILho,1561.0,1612
1613,8988,khalifa BIN BUTTI AL muhairi,1562.0,1613
1614,4726,foloRUNSHO ALAkija,1563.0,1614
1615,9089,bill ALFOnd,1564.0,1615
1616,1677,suSAN ALFOND,1565.0,1616
1617,9988,teD ALFond,1566.0,1617
1618,1141,joY ALUKKAS,1567.0,1618
1619,5547,andREY ANDReev,1568.0,1619
1620,1173,carol jenkINS BARNETt,1569.0,1620
1621,2668,OLEG BOYKo,1570.0,1621
1622,7801,ana maria brESCIA CAFFerata,1571.0,1622
1623,8312,BINOD CHAUdhary,1572.0,1623
1624,4821,CHE FENGSHEng,1573.0,1624
1625,1544,chen QINGZHOU,1574.0,1625
1626,5763,ricHARD DESMond,1575.0,1626
1627,7179,mohammED DEWji,1576.0,1627
1628,8659,caRL DOUGLas,1577.0,1628
1629,5803,erIC DOUGLas,1578.0,1629
1630,9837,bulent ECZACIBasi,1579.0,1630
1631,2183,faruk eCZACIBASI,1580.0,1631
1632,4922,mARTHA FORD,1581.0,1632
1633,2080,yasuhirO FUKUSHIMA,1582.0,1633
1634,4519,reiNOLD GEIGER,1583.0,1634
1635,3619,saad HARIRI,1584.0,1635
1636,3095,richARD hayne,1585.0,1636
1637,7005,ilONA HERLIN,1586.0,1637
1638,8204,asok kuMAR HIRANANDANI,1587.0,1638
1639,5574,nirANJAN HIRANANDANI,1588.0,1639
1640,4198,HUANG QIAOLing,1589.0,1640
1641,3912,HUANG ZHUANGMian,1590.0,1641
1642,9074,hal jACKMAn,1591.0,1642
1643,6676,anuranG JAIn,1592.0,1643
1644,1913,keeree kANJANapas,1593.0,1644
1645,2596,KIM NAM-jung,1594.0,1645
1646,3177,sETH KLARMan,1595.0,1646
1647,3512,alexaNDER KLyachin,1596.0,1647
1648,8586,yURIY KOSIuk,1597.0,1648
1649,3695,miGUEL KRigsner,1598.0,1649
1650,5698,leE YIN YEe,1599.0,1650
1651,6549,nicola lEIBINGEr-kammueller,1600.0,1651
1652,4128,lI WEIWEI,1601.0,1652
1653,5668,wilLIAM LI,1602.0,1653
1654,6707,li yIHAI,1603.0,1654
1655,1576,li YONG,1604.0,1655
1656,4271,LIN MING-HSIUng,1605.0,1656
1657,5295,lou ZHONGFU,1606.0,1657
1658,5513,low TUCK kwong,1607.0,1658
1659,8775,P.N.C. Menon,1608.0,1659
1660,7505,thomAS MEYER,1609.0,1660
1661,2409,EZRA NAHMAD,1610.0,1661
1662,5690,JUDITH NEILSON,1611.0,1662
1663,5288,madeleine OLSSON ERICksson,1612.0,1663
1664,4103,ou ZONGHONG,1613.0,1664
1665,1016,ereN OZMEN,1614.0,1665
1666,6211,faTIH OZMEN,1615.0,1666
1667,6334,jose isaAC PERes,1616.0,1667
1668,1546,mARK PINCus,1617.0,1668
1669,3545,kevIN PLANK,1618.0,1669
1670,5782,"nichoLAS PRITZKER, II.",1619.0,1670
1671,8510,que wENBin,1620.0,1671
1672,2840,jorge roDRIGUEZ RODRiguez,1621.0,1672
1673,4451,nobutADA SAJI,1622.0,1673
1674,2092,thomAS SAndell,1623.0,1674
1675,8936,eddY KUSNADI SARiaatmadja,1624.0,1675
1676,9690,fayEZ SAROFIm,1625.0,1676
1677,5349,monika SCHOeller,1626.0,1677
1678,7191,aNTONIO LUIZ SEABra,1627.0,1678
1679,7687,yuri SHEFLEr,1628.0,1679
1680,8571,RAJJU SHROFF,1629.0,1680
1681,1636,frank STRONach,1630.0,1681
1682,9079,keviN SYStrom,1631.0,1682
1683,1997,tANG HSIANG-Chien,1632.0,1683
1684,1789,tanG JIANFANg,1633.0,1684
1685,1719,NING Tang,1634.0,1685
1686,5085,jim tHOMPson,1635.0,1686
1687,1729,jonathAN Tisch,1636.0,1687
1688,9720,KENNETH TUchman,1637.0,1688
1689,6374,wim VAN DER LEEGTE,1638.0,1689
1690,5193,shamSHEER Vayalil,1639.0,1690
1691,1633,thoNGMA VIJITPONGPUN,1640.0,1691
1692,8420,aRKADY VOLOzh,1641.0,1692
1693,1731,steFAN VON HOLTZBRINCk,1642.0,1693
1694,5125,waNG JIUFANG,1643.0,1694
1695,5272,wong hONG King,1644.0,1695
1696,3487,iAN WOOD,1645.0,1696
1697,1299,xiao cHUNHOng,1646.0,1697
1698,6841,jaCKY XU,1647.0,1698
1699,9795,zhANG HONGWEI,1648.0,1699
1700,8710,ZHANG TAO,1649.0,1700
1701,8676,anu AGa,1650.0,1701
1702,6616,farkHAD AKHMEDOv,1651.0,1702
1703,7391,ALBERTO ALCocer,1652.0,1703
1704,7821,bassAM ALghanim,1653.0,1704
1705,3012,kutaYBA ALGHanim,1654.0,1705
1706,5959,alexANDRA Andresen,1655.0,1706
1707,5424,katharinA ANDRESen,1656.0,1707
1708,3750,vasilY ANISIMOv,1657.0,1708
1709,2085,MORI ARKin,1658.0,1709
1710,9855,nigEL AUStin,1659.0,1710
1711,2728,krisHNA KUMAR BANGur,1660.0,1711
1712,5729,heRB CHAmbers,1661.0,1712
1713,4513,r.G. CHANDramogan,1662.0,1713
1714,2260,chaNG PYUNG-SOON,1663.0,1714
1715,1813,chaO TENG-HSIUNG,1664.0,1715
1716,1746,cheN LIYING,1665.0,1716
1717,2190,chen TIANQIAO,1666.0,1717
1718,5771,henry CHeng,1667.0,1718
1719,2287,cheY KI-won,1668.0,1719
1720,3457,chi yUFEng,1669.0,1720
1721,8780,chuA THIAN poh,1670.0,1721
1722,8378,chunG YONG-Jin,1671.0,1722
1723,7468,cipUTra,1672.0,1723
1724,3908,ALBERTO CORTina,1673.0,1724
1725,3688,"robERT COYIUTO, Jr.",1674.0,1725
1726,9615,mariA DEL PINO Y CALVO-SOTELO,1675.0,1726
1727,7426,k. DINESH,1676.0,1727
1728,9692,du WEIMin,1677.0,1728
1729,6612,joHN EDSON,1678.0,1729
1730,4292,david EINHORN,1679.0,1730
1731,2795,bOB ELl,1680.0,1731
1732,3461,garY FEGel,1681.0,1732
1733,5352,vicTOR FUNG,1682.0,1733
1734,9810,wilLIAM FUng,1683.0,1734
1735,6854,aLAN GERRY,1684.0,1735
1736,4355,BALKRISHAN goenka,1685.0,1736
1737,1641,polys hAJI-ioannou,1686.0,1737
1738,3269,mehmET HATTAT,1687.0,1738
1739,1239,j. TOMILSON HILL,1688.0,1739
1740,9836,eDUARDO HOCHSChild,1689.0,1740
1741,6949,HOI KIN hong,1690.0,1741
1742,8952,hur YOUNG-IN,1691.0,1742
1743,8622,georGE JOSEph,1692.0,1743
1744,7294,roNALD Joyce,1693.0,1744
1745,9602,t.s. kalYANARAMAN,1694.0,1745
1746,3784,NIMESH KAMPANi,1695.0,1746
1747,4339,eugenE KASPERSKY,1696.0,1747
1748,9159,viktoR KHARITONIN,1697.0,1748
1749,3720,pyotr KONDRASHEV,1698.0,1749
1750,3231,yuri KOVALCHUK,1699.0,1750
1751,3266,kagemASA KOZUKi,1700.0,1751
1752,3816,michaEL KRASNY,1701.0,1752
1753,6271,james lEININGER,1702.0,1753
1754,8547,li guOQiang,1703.0,1754
1755,8324,li lIANGBIn,1704.0,1755
1756,1105,lIU KO-Chen,1705.0,1756
1757,7183,anatoly LOMAKIN,1706.0,1757
1758,1628,mA HOng,1707.0,1758
1759,8569,gary MAGness,1708.0,1759
1760,7210,yousSEF MANsour,1709.0,1760
1761,4369,strive MASIYIWa,1710.0,1761
1762,3729,darIUSZ MILEK,1711.0,1762
1763,2622,nan CUNHUi,1712.0,1763
1764,8639,DINESH NANdwana,1713.0,1764
1765,8193,oei honG leong,1714.0,1765
1766,9049,rubens omettO SILVEIRA mello,1715.0,1766
1767,6884,ou XUEMing,1716.0,1767
1768,2928,maRKUS PERsson,1717.0,1768
1769,2323,victOR PINCHUk,1718.0,1769
1770,5954,albertO PRADa,1719.0,1770
1771,5372,marINA Prada,1720.0,1771
1772,4516,forresT Preston,1721.0,1772
1773,4140,jerry REINSDorf,1722.0,1773
1774,9331,fernANDO roig,1723.0,1774
1775,9333,subhaSH RUNwal,1724.0,1775
1776,2581,yosHIYUKI SANkai,1725.0,1776
1777,6084,kirill SHAMalov,1726.0,1777
1778,1154,shiN DONg-bin,1727.0,1778
1779,4310,evgeny (EUGENE) SHVidler,1728.0,1779
1780,4582,jASMINDER singh,1729.0,1780
1781,1038,martua SITORus,1730.0,1781
1782,4159,petER SPERLINg,1731.0,1782
1783,9784,jerZY STArak,1732.0,1783
1784,1157,maNNY STUL,1733.0,1784
1785,3960,su RUBo,1734.0,1785
1786,8815,fuaT TOSyali,1735.0,1786
1787,4433,kENNY TROUTT,1736.0,1787
1788,2224,RUFINO VIGIL GONZAlez,1737.0,1788
1789,8953,wang jIANFEng,1738.0,1789
1790,3757,wang JING,1739.0,1790
1791,4033,waNG QUNbin,1740.0,1791
1792,3920,DAN WILKS,1741.0,1792
1793,9937,farriS WILks,1742.0,1793
1794,1015,thomAS Wu,1743.0,1794
1795,4898,yI ZHENG,1744.0,1795
1796,1150,yuaN FUGEn,1745.0,1796
1797,4359,"RICHARD YUENGLING, JR.",1746.0,1797
1798,5112,gavRIL YUSHVAEV,1747.0,1798
1799,7600,zeng KAITIAn,1748.0,1799
1800,6511,zhANG WANZHEN,1749.0,1800
1801,4007,zhANG YUBAI,1750.0,1801
1802,1120,changpeNG ZHAo,1751.0,1802
1803,4956,zhOU YIFENG,1752.0,1803
1804,5838,zHOU YONGLi,1753.0,1804
1805,3633,zhu wENCHEN,1754.0,1805
1806,8317,aHMET NAZIF zorlu,1755.0,1806
1807,6890,len AINSWOrth,1756.0,1807
1808,9200,edmunD ANSIn,1757.0,1808
1809,3677,markus BLOCHER,1758.0,1809
1810,8817,leonID BOGUSLAVSKY,1759.0,1810
1811,6690,jorge hORACIO brito,1760.0,1811
1812,1483,SAKET BURMAN,1761.0,1812
1813,3646,stEVE Case,1762.0,1813
1814,9090,jeffreY CHEah,1763.0,1814
1815,7023,brUCE Cheng,1764.0,1815
1816,7437,chENG XIAnfeng,1765.0,1816
1817,6646,ivan CHRENKo,1766.0,1817
1818,4529,eduaRDO COJUANGCO,1767.0,1818
1819,7802,brunELLO CUCINELli,1768.0,1819
1820,6435,darWIN DEASOn,1769.0,1820
1821,1061,aNDREA DELLA VALLE,1770.0,1821
1822,7827,jAMIE DIMon,1771.0,1822
1823,6896,chARLES DUnstone,1772.0,1823
1824,4769,bruce FLATt,1773.0,1824
1825,2331,FU MEICHEng,1774.0,1825
1826,7799,SOICHIRO FUKUTAKE,1775.0,1826
1827,9617,dON GAO,1776.0,1827
1828,3107,gAO YUNFEng,1777.0,1828
1829,1355,anne giTTINGEr,1778.0,1829
1830,4965,CLELIA HAJI-IOANNou,1779.0,1830
1831,2536,jOHN HANCOck,1780.0,1831
1832,6850,ronnen HARARY,1781.0,1832
1833,1304,AYMAN HARiri,1782.0,1833
1834,1098,fahd HAriri,1783.0,1834
1835,3592,surENDRA HIRANANDANI,1784.0,1835
1836,4728,aLAN HOWArd,1785.0,1836
1837,8734,HU KEQIN,1786.0,1837
1838,8122,archie HWANg,1787.0,1838
1839,4135,IRWIN JACObs,1788.0,1839
1840,4272,mitCHELL Jacobson,1789.0,1840
1841,9571,rana KAPoor,1790.0,1841
1842,2887,alexanDER karp,1791.0,1842
1843,6305,ragHUVINDER KAtaria,1792.0,1843
1844,9916,habil KHORAKIWALA,1793.0,1844
1845,5529,sidney KIMmel,1794.0,1845
1846,8617,andrE KOO,1795.0,1846
1847,4991,KOO BON-NEUNg,1796.0,1847
1848,2501,andrei KOSOGOV,1797.0,1848
1849,7636,LEE HO-JIn,1798.0,1849
1850,3353,SOLOMON LEw,1799.0,1850
1851,2317,rodney LEWIS,1800.0,1851
1852,1726,li jiAQuan,1801.0,1852
1853,7457,LIN FANLian,1802.0,1853
1854,5170,lin JIANHUa,1803.0,1854
1855,7289,liN TIANFU,1804.0,1855
1856,6886,loUISE LIndh,1805.0,1856
1857,1839,liu BAOLin,1806.0,1857
1858,9286,jose lladO FERNANDEZ-URRutia,1807.0,1858
1859,3529,lu Di,1808.0,1859
1860,3430,"carGILL MACMILLAN, IIi.",1809.0,1860
1861,3643,john mACMILlan,1810.0,1861
1862,5611,marTHA MACMILLAN,1811.0,1862
1863,7763,william MACmillan,1812.0,1863
1864,8513,kATARINA MARTINSON,1813.0,1864
1865,5279,craiG NEWmark,1814.0,1865
1866,7003,bruCE NORDSTROM,1815.0,1866
1867,5584,piERRE KARL PÉLADeau,1816.0,1867
1868,8457,DAVID PENALOZA ALAnis,1817.0,1868
1869,9745,anDREAS Pohl,1818.0,1869
1870,6501,"rEINFRIED POhl, jr.",1819.0,1870
1871,7939,mahendRA PRASad,1820.0,1871
1872,4106,antoN Rabie,1821.0,1872
1873,9282,bianca RINEHArt,1822.0,1873
1874,3262,ginia RINEHart,1823.0,1874
1875,8252,alexANDER ROVT,1824.0,1875
1876,2095,lILY SAFRa,1825.0,1876
1877,1294,DENIZ SAHENk,1826.0,1877
1878,3251,karin SCHICk,1827.0,1878
1879,7335,leONARD SChleifer,1828.0,1879
1880,5390,DIETER SCHNabel,1829.0,1880
1881,4635,bhadRESH shah,1830.0,1881
1882,8395,shao QINXIANG,1831.0,1882
1883,1716,ERIC YA Shen,1832.0,1883
1884,6107,nobuTOSHI SHIMAmura,1833.0,1884
1885,5202,shum CHIU HUNG,1834.0,1885
1886,8275,helmuT SOHMEn,1835.0,1886
1887,9557,sun QINGHUAN,1836.0,1887
1888,1070,sun YINhuan,1837.0,1888
1889,4331,dJOKO SUSANTo,1838.0,1889
1890,7116,erol TABAnca,1839.0,1890
1891,1702,alexanDER TEDJA,1840.0,1891
1892,9802,wILMA TISCH,1841.0,1892
1893,2140,ayHAN TOSyali,1842.0,1893
1894,8436,fATIH TOSYALi,1843.0,1894
1895,8328,TRAN DINH LONG,1844.0,1895
1896,7378,tsai MING-KAi,1845.0,1896
1897,2300,pavEL Tykac,1846.0,1897
1898,3409,JAYSHREE Ullal,1847.0,1898
1899,8761,WAN LOng,1848.0,1899
1900,3377,wang MUqing,1849.0,1900
1901,6041,WANG YONG,1850.0,1901
1902,7511,hOPE WElker,1851.0,1902
1903,1580,weN YIbo,1852.0,1903
1904,4005,stepHEN T. WInn,1853.0,1904
1905,5397,goRDON wu,1854.0,1905
1906,2107,wU LANLAN,1855.0,1906
1907,3067,xu ZIQUAN,1856.0,1907
1908,5985,yANG MEIRONG,1857.0,1908
1909,6816,yang TINGDONG,1858.0,1909
1910,6049,yoU XIAOPIng,1859.0,1910
1911,1915,yu pEIDi,1860.0,1911
1912,6628,YU QIBING,1861.0,1912
1913,5861,yu YUNxin,1862.0,1913
1914,4569,zan SHEngda,1863.0,1914
1915,3273,zhaNG GUIPING,1864.0,1915
1916,7432,zhAO WEIGuo,1865.0,1916
1917,3336,zHENG JIAnjiang,1866.0,1917
1918,3667,hamad bin JASSIM BIN JABER AL THani,1867.0,1918
1919,2320,fAWZI AL-KHarafi,1868.0,1919
1920,6887,MOHANNAD AL-KHARAFI,1869.0,1920
1921,7880,isaK ANDIC,1870.0,1921
1922,8385,marC ANDReessen,1871.0,1922
1923,1932,jose MARIA ARISTRAIN,1872.0,1923
1924,8493,thomAS Bailey,1873.0,1924
1925,6034,hARINDARPAL BANga,1874.0,1925
1926,4212,elenA BATUrina,1875.0,1926
1927,9030,eDUARDO BELMONT ANDERson,1876.0,1927
1928,4210,tOMASZ BIERNacki,1877.0,1928
1929,6926,zadiK BINO,1878.0,1929
1930,7931,breTT BLUNDY,1879.0,1930
1931,4541,henadiy BOHOLYUBOV,1880.0,1931
1932,2340,CHARLES BRANDES,1881.0,1932
1933,2839,amit BURMAN,1882.0,1933
1934,9853,cai dONGQINg,1883.0,1934
1935,5776,chEN bo,1884.0,1935
1936,3751,chenG WEI,1885.0,1936
1937,9945,phongthep CHIARAvanont,1886.0,1937
1938,9974,kochouseph CHITTILAPPILLy,1887.0,1938
1939,9105,chU JINFu,1888.0,1939
1940,8242,EDUARDO COSTantini,1889.0,1940
1941,8116,sOL DAURELLA,1890.0,1941
1942,7627,philIP DAy,1891.0,1942
1943,8035,d. leopoldo del PINO Y CALVO-SOTELo,1892.0,1943
1944,9272,norbert dENTRESSANgle,1893.0,1944
1945,8406,bEDA DIETHELM,1894.0,1945
1946,2489,mark DIXon,1895.0,1946
1947,9116,hENRY ENGELhardt,1896.0,1947
1948,3498,fANG HONGBO,1897.0,1948
1949,1050,glEB FETISOV,1898.0,1949
1950,8911,donaLD FOSs,1899.0,1950
1951,8768,ROBERT FRIedland,1900.0,1951
1952,4784,donALD FRIEse,1901.0,1952
1953,3218,fU GUANGming,1902.0,1953
1954,2869,daN GERTLer,1903.0,1954
1955,3311,dENNIS GILLINGS,1904.0,1955
1956,7061,RYAN GRAVEs,1905.0,1956
1957,6265,gu WEI,1906.0,1957
1958,8402,alFREDO HARP Helu,1907.0,1958
1959,2599,gudrUN HEIne,1908.0,1959
1960,6219,FRANCIS HOLDER,1909.0,1960
1961,2447,hONG SEOK-joh,1910.0,1961
1962,1676,douglAS hsu,1911.0,1962
1963,1077,huanG JIANRONg,1912.0,1963
1964,9071,"B. WAYNE HUGHES, JR.",1913.0,1964
1965,8363,dAISY Igel,1914.0,1965
1966,8279,THOMAS JAMES,1915.0,1966
1967,4720,jianG GANJUN,1916.0,1967
1968,7745,jiang ZHaobai,1917.0,1968
1969,9464,jIN HUIMINg,1918.0,1969
1970,1230,ajay KAlsi,1919.0,1970
1971,8290,helga kELLErhals,1920.0,1971
1972,6891,king PAk fu,1921.0,1972
1973,7661,sergEI KOLESNIkov,1922.0,1973
1974,7557,hEMENDRA KOTHARi,1923.0,1974
1975,8518,EIICHI KURIWAda,1924.0,1975
1976,5180,guy LALIBERTÉ,1925.0,1976
1977,1822,LEE HAE-jin,1926.0,1977
1978,1022,micHAEL LEE-CHIn,1927.0,1978
1979,8883,li guANgyu,1928.0,1979
1980,6914,li JUN,1929.0,1980
1981,1465,li rUCHENg,1930.0,1981
1982,2711,li XUHUi,1931.0,1982
1983,6689,lim weE Chai,1932.0,1983
1984,8915,liU JIang,1933.0,1984
1985,9394,liU XUEJING,1934.0,1985
1986,3244,liu zHENGuo,1935.0,1986
1987,1369,lO KA SHUi,1936.0,1987
1988,7331,LO SIU-TONG,1937.0,1988
1989,4869,tOBI LUtke,1938.0,1989
1990,4744,ma YUNSHeng,1939.0,1990
1991,9934,ziyavUDIN MAgomedov,1940.0,1991
1992,3506,ana maria mARCONDES PENIDO Sant'anna,1941.0,1992
1993,4418,tERENCE (TERRY) MATthews,1942.0,1993
1994,2920,gAIL MILler,1943.0,1994
1995,2642,andREI MOLCHANOV,1944.0,1995
1996,6861,NI ZHAOXING,1945.0,1996
1997,9833,kenTARO OGAWA,1946.0,1997
1998,7038,erik pAUlsson,1947.0,1998
1999,9480,peng Hao,1948.0,1999
2000,5343,steFAN PIERER,1949.0,2000
2001,9618,michAEL Price,1950.0,2001
2002,8472,clAYTON RIDDELl,1951.0,2002
2003,3334,bORIS ROTENBERG,1952.0,2003
2004,5948,igor RYBAKOv,1953.0,2004
2005,8330,stEPHEN Saad,1954.0,2005
2006,8071,k. RAI SAHI,1955.0,2006
2007,5764,aiRAT SHAimiev,1956.0,2007
2008,7361,rADIK SHAIMiev,1957.0,2008
2009,8214,shanG JIYONg,1958.0,2009
2010,2398,mikhail Shelkov,1959.0,2010
2011,8286,s.D. SHIBULAL,1960.0,2011
2012,8819,RON SIM,1961.0,2012
2013,5325,leonid SIMANOVSKy,1962.0,2013
2014,4445,bASUDEO SIngh,1963.0,2014
2015,9144,SAMPRADA SINgh,1964.0,2015
2016,6799,teRRY Snow,1965.0,2016
2017,3227,lynsi SNyder,1966.0,2017
2018,5164,sYBILL Storz,1967.0,2018
2019,1663,harjO SUTANto,1968.0,2019
2020,8040,yoshiKAZU TANAKA,1969.0,2020
2021,7590,mehmeT SINAN TARa,1970.0,2021
2022,4923,rit THIRAKOMen,1971.0,2022
2023,1613,tiaN MIng,1972.0,2023
2024,9724,ion tIRIAC,1973.0,2024
2025,6526,IVAR TOLLEFSEn,1974.0,2025
2026,1845,mustafa laTIF TOpbas,1975.0,2026
2027,3089,thOMAS Tull,1976.0,2027
2028,8860,jOHN VAN LIESHOUt,1977.0,2028
2029,4088,WANG HAn,1978.0,2029
2030,5334,wang JUNJin,1979.0,2030
2031,2382,wang WENbiao,1980.0,2031
2032,3701,"alfred wEST, JR.",1981.0,2032
2033,3511,wu DAOHONG,1982.0,2033
2034,5095,WU YILIng,1983.0,2034
2035,3406,xiU LAIGui,1984.0,2035
2036,5081,XU XIONG,1985.0,2036
2037,8977,XU XUDOng,1986.0,2037
2038,7525,xUE HUA,1987.0,2038
2039,6843,vaDIM YAKUNIN,1988.0,2039
2040,4290,yaN YUde,1989.0,2040
2041,5765,yanG KENG,1990.0,2041
2042,8821,yaNG SHAOpeng,1991.0,2042
2043,3566,zhanG CHENG FEi,1992.0,2043
2044,1912,ZHANG JINGZHang,1993.0,2044
2045,9205,ZHANG KEQIANg,1994.0,2045
2046,5965,zhanG XUANning,1995.0,2046
2047,3196,zhang zHANGsun,1996.0,2047
2048,6531,zhou BAjin,1997.0,2048
2049,8909,ZHOU WENyu,1998.0,2049
2050,7296,WILLIAM ACkman,1999.0,2050
2051,1712,soeGIARTO ADIKOesoemo,2000.0,2051
2052,1655,ali ibRAHIM AGAoglu,2001.0,2052
2053,8058,hamdI AKIN,2002.0,2053
2054,8906,chIRAYU Amin,2003.0,2054
2055,7247,mehMET AYDINlar,2004.0,2055
2056,4087,eMANUELLA BARILLA,2005.0,2056
2057,1804,guido BARILLA,2006.0,2057
2058,1235,lucA BARILLA,2007.0,2058
2059,6446,paolo BARILLa,2008.0,2059
2060,3314,mehmET RUSTU basaran,2009.0,2060
2061,1754,j. hYATT BROWn,2010.0,2061
2062,1704,bu YANG,2011.0,2062
2063,9662,HIDEYUKI BUsujima,2012.0,2063
2064,8425,cai RONGjun,2013.0,2064
2065,5436,cai xIAOru,2014.0,2065
2066,9949,delFIN JORGE EZEQuiel carballo,2015.0,2066
2067,9024,cheN JINSHI,2016.0,2067
2068,1609,cHEN QIXING,2017.0,2068
2069,7232,chEN SHILiang,2018.0,2069
2070,9992,cheN XIAXIN,2019.0,2070
2071,5204,MANAS CHIARAVanond,2020.0,2071
2072,9901,yupa cHIARAVanond,2021.0,2072
2073,3660,prATHIP CHIRAVANond,2022.0,2073
2074,5163,gusTAVO CISNEros,2023.0,2074
2075,6035,SANDOR CSANYi,2024.0,2075
2076,6121,CUI LIJIE,2025.0,2076
2077,6401,danG YANBAO,2026.0,2077
2078,3574,bHARAT Desai,2027.0,2078
2079,7693,josEPH EDELMAN,2028.0,2079
2080,2847,woLFGANG EGGer,2029.0,2080
2081,6222,andrei FILATOv,2030.0,2081
2082,7030,PAUL FIREMAN,2031.0,2082
2083,2948,j. chriSTOPHER flowers,2032.0,2083
2084,4436,fU KWAn,2033.0,2084
2085,6237,sheelA GAUTAM,2034.0,2085
2086,7883,dreW HOUSTON,2035.0,2086
2087,5227,hUANG SHilin,2036.0,2087
2088,5677,HUANG WEN TSAI,2037.0,2088
2089,6976,mohamMED Ibrahim,2038.0,2089
2090,7963,hiroshI ISHIBASHI,2039.0,2090
2091,9975,bENT JENSEN,2040.0,2091
2092,6541,chatchAI KAewbootta,2041.0,2092
2093,3436,JONAS KAMPRad,2042.0,2093
2094,6071,mathiAS Kamprad,2043.0,2094
2095,8562,peteR KAMprad,2044.0,2095
2096,1841,MADHU KAPur,2045.0,2096
2097,6858,RICHARD KAYne,2046.0,2097
2098,8943,vlADIMIR KOGAN,2047.0,2098
2099,9380,KOH WEE MENG,2048.0,2099
2100,7119,koo BON-JOOn,2049.0,2100
2101,4095,lAM LUNg on,2050.0,2101
2102,1564,isAAC LARIan,2051.0,2102
2103,4958,frank LAUKien,2052.0,2103
2104,7870,leE JOON-HO,2053.0,2104
2105,4146,lee SANG-HYUk,2054.0,2105
2106,8333,nancy LERNER,2055.0,2106
2107,9096,NORMA LERner,2056.0,2107
2108,2806,randOLPH LERner,2057.0,2108
2109,7847,dAVID XUELIng li,2058.0,2109
2110,3062,LI TAn,2059.0,2110
2111,7274,lI WEIGuo,2060.0,2111
2112,6834,liaNG Feng,2061.0,2112
2113,4579,LIANG GUANGwei,2062.0,2113
2114,8481,lianG SHEZENG,2063.0,2114
2115,2410,liAO CHANG,2064.0,2115
2116,1001,JENNY LINDÉN urnes,2065.0,2116
2117,9610,liU ZHENDOng,2066.0,2117
2118,1833,liu zHIQIANG,2067.0,2118
2119,1312,jonATHAN LU,2068.0,2119
2120,6094,wilLIAM MACAULAY,2069.0,2120
2121,9910,johN MARTin,2070.0,2121
2122,5267,yvES-LOIC Martin,2071.0,2122
2123,3755,satISH MEhta,2072.0,2123
2124,4955,nIKITA MISHin,2073.0,2124
2125,7815,konstantIN NIKOLAEv,2074.0,2125
2126,7017,sIMON NIXon,2075.0,2126
2127,1534,mICHAEL O'LEARY,2076.0,2127
2128,8215,liORA OFER,2077.0,2128
2129,6990,ROBERTO ONGPIn,2078.0,2129
2130,1436,niti oSATHANUGRAH,2079.0,2130
2131,4850,fraNK Otto,2080.0,2131
2132,7318,gRETEL PACKer,2081.0,2132
2133,8468,albERTO PALatchi,2082.0,2133
2134,3722,peNG JIAnhu,2083.0,2134
2135,4491,LUCY PEng,2084.0,2135
2136,6216,ANDREI RAPPOPOrt,2085.0,2136
2137,6455,andrea rEIMANN-CIARDELLi,2086.0,2137
2138,6905,igOR ROTEnberg,2087.0,2138
2139,4380,alaN RYDGE,2088.0,2139
2140,1907,CHRIS SACCa,2089.0,2140
2141,6427,aLEXANDER samwer,2090.0,2141
2142,6119,marc SAmwer,2091.0,2142
2143,1405,oLIVER SAMWER,2092.0,2143
2144,8700,neiL Shen,2093.0,2144
2145,6742,albert sHIGAboutdinov,2094.0,2145
2146,8644,SHIN DONG-JOo,2095.0,2146
2147,1025,yoSHIKO SHINOHARA,2096.0,2147
2148,3428,ANALJIT Singh,2097.0,2148
2149,9504,stepHEN SMith,2098.0,2149
2150,8329,michaeL STEinhardt,2099.0,2150
2151,6187,sveiN STOLe,2100.0,2151
2152,1884,rusTEM SULTEEV,2101.0,2152
2153,7549,juLIO PATRICIO SUPERvielle,2102.0,2153
2154,6493,miN-LIANG tan,2103.0,2154
2155,5645,hary tANOESOEDIBJO,2104.0,2155
2156,5191,sukanto TANoto,2105.0,2156
2157,3888,tiong HIEW king,2106.0,2157
2158,4585,laurIE TISch,2107.0,2158
2159,4397,stEVEN TISCH,2108.0,2159
2160,3866,jaMES TRUCHARD,2109.0,2160
2161,4175,vardis vARDINOYannis,2110.0,2161
2162,7506,muraT VARGi,2111.0,2162
2163,5025,wan LIANBu,2112.0,2163
2164,9907,wang MIAOtong,2113.0,2164
2165,5439,waNG ZHENghua,2114.0,2165
2166,8855,wen JIANPING,2115.0,2166
2167,5027,myron WENTZ,2116.0,2167
2168,9704,XIA ZUOQUAN,2117.0,2168
2169,6353,SWIFT XIE,2118.0,2169
2170,3686,yao JINBo,2119.0,2170
2171,7818,fatma TUBA YAZici,2120.0,2171
2172,6292,zHANG ZHIRONg,2121.0,2172
2173,6472,zhAO YAN,2122.0,2173
2174,3395,zhOU ZONgwen,2123.0,2174
2175,1126,raamdEO AGRAWAl,2124.0,2175
2176,7268,maurizIO billi,2125.0,2176
2177,9371,sARA BLAKELy,2126.0,2177
2178,3600,pete BODHARAMIK,2127.0,2178
2179,3394,CAO KEJIAN,2128.0,2179
2180,8512,morRIS CHAng,2129.0,2180
2181,2258,ricHARD CHANG,2130.0,2181
2182,6587,chEN JIANming,2131.0,2182
2183,1459,cHO YANG-Rai,2132.0,2183
2184,1681,YVON CHOUINARd,2133.0,2184
2185,4583,eduarD CHUKHLEBOv,2134.0,2185
2186,9315,jack cOCKWELL,2135.0,2186
2187,2692,john cOLLISON,2136.0,2187
2188,8291,patriCK COLLison,2137.0,2188
2189,5422,HENRY DAVIs,2138.0,2189
2190,1801,fraNCOIS Feuillet,2139.0,2190
2191,5460,susuMU FUJita,2140.0,2191
2192,6661,filaRET Galchev,2141.0,2192
2193,2115,yURI GUSHCHIN,2142.0,2193
2194,9274,davID HALL,2143.0,2194
2195,9828,he SIMO,2144.0,2195
2196,1131,hoN KWOK Lung,2145.0,2196
2197,7895,elIE HORN,2146.0,2197
2198,2048,huANG BINGWen,2147.0,2198
2199,4637,hUANG XIAOFEN,2148.0,2199
2200,3810,masaYUKI ISHIHARA,2149.0,2200
2201,7433,tarANG Jain,2150.0,2201
2202,5089,jianG Wei,2151.0,2202
2203,3499,jiaNG XUefei,2152.0,2203
2204,4284,david KABIller,2153.0,2204
2205,5101,morriS KAHN,2154.0,2205
2206,2264,"anton kaTHREIN, JR.",2155.0,2206
2207,1002,kIM DAE-il,2156.0,2207
2208,2891,miCHAEL KIM,2157.0,2208
2209,2066,iHOR KOLOMoyskyy,2158.0,2209
2210,3057,kOO BON-SIk,2159.0,2210
2211,2588,igor kuDRYASHKin,2160.0,2211
2212,9521,lev KVEtnoi,2161.0,2212
2213,9824,theoDORE LEONSIs,2162.0,2213
2214,1292,lev lEVIEV,2163.0,2214
2215,7381,LIANG ZHAOXIAN,2164.0,2215
2216,2027,joHN LIEW,2165.0,2216
2217,2691,PAUL LITtle,2166.0,2217
2218,8653,liu FUhai,2167.0,2218
2219,2844,liu JINCHENG,2168.0,2219
2220,2913,liu sHAOXI,2169.0,2220
2221,2435,lu WEIDIng,2170.0,2221
2222,8110,DUNCAN MACMillan,2171.0,2222
2223,9525,geORGE MARcus,2172.0,2223
2224,5532,beRNARDO MATTE,2173.0,2224
2225,3830,eLIODORO MATTE,2174.0,2225
2226,3039,mi ENHUA,2175.0,2226
2227,3104,lowell MILKen,2176.0,2227
2228,2701,nirmaL Minda,2177.0,2228
2229,3145,marTIN NAUGHTOn,2178.0,2229
2230,1261,vadiM NOVINSKY,2179.0,2230
2231,5086,sergei PETROv,2180.0,2231
2232,6156,carolyn RAFAELIAn,2181.0,2232
2233,8455,lawrencE ROssy,2182.0,2233
2234,8297,alice sCHwartz,2183.0,2234
2235,4655,marTIN SELIG,2184.0,2235
2236,7540,saTHIEN SETTHAsit,2185.0,2236
2237,2918,evan SHARp,2186.0,2237
2238,1326,raviNDRA KISHORE SINHA,2187.0,2238
2239,6223,axel STAWSKI,2188.0,2239
2240,6720,beny stEINmetz,2189.0,2240
2241,5787,dirk STROEER,2190.0,2241
2242,4059,sun SHANGCHUAN,2191.0,2242
2243,2044,saM TARAScio,2192.0,2243
2244,2508,rOBERT TOLL,2193.0,2244
2245,9065,surin UPATKOOn,2194.0,2245
2246,6413,ALEXANDEr vik,2195.0,2246
2247,6527,peter-aLEXANDER WACKER,2196.0,2247
2248,7057,wANG JIANYi,2197.0,2248
2249,8746,v. PREM WATSA,2198.0,2249
2250,7968,sandY WEill,2199.0,2250
2251,6027,wen peNGCHENG,2200.0,2251
2252,9287,WU CHUNG-YI,2201.0,2252
2253,2318,yaNG JIANXIN,2202.0,2253
2254,2303,YAO XINyi,2203.0,2254
2255,5570,zhAO XIAOQIAng,2204.0,2255
2256,6092,zhou LIANGZHANG,2205.0,2256
2257,3693,zhu XINGMING,2206.0,2257
2258,6736,zHUO JUn,2207.0,2258
2259,5700,olguN ZORLU,2208.0,2259
